id,full_name,food_1,food_2,food_3,food_4,date
1,Henrietta Quadrio,,3,2,,11/19/2019
2,Baird Gaddie,,,5,4,11/25/2019
3,Nancee Plascott,6,2,3,,11/25/2019
4,Amberly Partington,4,3,1,,11/25/2019
5,Margareta Cunniam,4,,5,0,11/23/2019
6,L;urette Jereatt,2,5,2,1,11/20/2019
7,Kathlin Cicculini,,4,5,2,11/22/2019
8,Basil Alexandrescu,4,5,4,3,11/19/2019
9,Roderic Forde,6,2,3,1,11/19/2019
10,Tybie Rixon,11,3,1,2,11/21/2019
11,Shaina Micco,,,3,,11/19/2019
12,Frazer Butterfint,6,2,3,5,11/25/2019
13,Margi Cargon,,7,3,2,11/24/2019
14,Henrietta Goldfinch,7,,4,1,11/24/2019
15,Vernon Newlove,,,1,5,11/20/2019
16,Ganny Gilyatt,9,3,5,1,11/24/2019
17,Roscoe Tiron,2,2,4,1,11/19/2019
18,Janessa Berardt,11,4,2,3,11/22/2019
19,Hersh Rainville,5,2,4,1,11/24/2019
20,Halsy Gehrels,4,1,2,,11/21/2019
21,Kippy O'Crowley,5,3,2,1,11/20/2019
22,Gussi MacGaughy,9,5,2,4,11/25/2019
23,Elsey Guirard,4,5,5,,11/22/2019
24,Nancee Werny,8,4,3,1,11/21/2019
25,Haze Teaze,,3,4,2,11/19/2019
26,Mac Sherville,6,0,2,0,11/19/2019
27,Antonius Boak,3,4,,2,11/23/2019
28,Somerset Matousek,5,3,3,2,11/22/2019
29,Jo Hairyes,3,2,,2,11/23/2019
30,Stanleigh Crowson,6,1,1,5,11/22/2019
31,Skye Peepall,5,0,0,0,11/19/2019
32,Thelma Vannar,2,3,2,1,11/22/2019
33,Etta MacKenzie,2,2,7,2,11/20/2019
34,Dewain Scotting,8,1,,2,11/24/2019
35,Sophi Wrigley,,1,2,1,11/22/2019
36,Anni Imison,4,4,4,4,11/21/2019
37,Sander McElhargy,,,0,,11/25/2019
38,Sigismund Ceschini,4,7,3,,11/22/2019
39,Pris Harwell,,3,1,,11/24/2019
40,Woodie Chaytor,5,4,0,1,11/20/2019
41,Atlanta Matus,6,0,5,2,11/20/2019
42,Mitzi Canet,,3,4,1,11/24/2019
43,Corrie Leavold,4,,4,1,11/19/2019
44,Bertrand Chamberlin,4,1,3,4,11/21/2019
45,Andee Szanto,,5,3,1,11/24/2019
46,Johannah Lokier,10,2,3,1,11/23/2019
47,Raviv Flather,,3,1,2,11/24/2019
48,Maryjane Fernihough,6,1,2,1,11/20/2019
49,Edita Fry,4,4,6,,11/23/2019
50,Shannan Simms,2,1,4,1,11/25/2019
51,Norine McNickle,10,0,2,2,11/21/2019
52,Joell Fayer,,6,0,1,11/21/2019
53,Renado Leynton,4,,,3,11/20/2019
54,Cooper McCullen,,,1,3,11/20/2019
55,Eimile Fullager,,2,2,4,11/24/2019
56,Tim Ayliffe,1,4,3,4,11/22/2019
57,Cull Le Provest,5,1,4,2,11/22/2019
58,Tim Orrock,3,3,,2,11/19/2019
59,Oralee Glasgow,,2,1,2,11/25/2019
60,Benita Meneo,5,1,3,,11/24/2019
61,Alexia Gallego,4,,,3,11/24/2019
62,Deeann Redrup,,2,3,3,11/22/2019
63,Linc Heggie,8,,3,2,11/19/2019
64,Sadella Vernall,9,5,3,8,11/21/2019
65,Janette Beaby,6,3,,2,11/20/2019
66,Rosemary Ames,,3,0,,11/20/2019
67,Merline Conley,4,4,3,2,11/22/2019
68,Jo Phoebe,7,,3,,11/20/2019
69,Ryan Backler,5,4,,0,11/23/2019
70,Gilli Borth,7,2,4,3,11/21/2019
71,Donall Jaram,8,3,,0,11/19/2019
72,Raddie Ughelli,8,1,2,,11/24/2019
73,Catie Ilem,4,2,0,0,11/23/2019
74,Dot Abley,6,1,5,2,11/21/2019
75,Gavra Inglesfield,7,4,2,1,11/19/2019
76,Sigismondo Bullerwell,,0,1,,11/19/2019
77,Bern Meekings,3,3,2,1,11/20/2019
78,Ephrayim Kennea,9,2,4,,11/21/2019
79,Kermit Lys,5,2,4,2,11/20/2019
80,Corbin Swallwell,2,,,4,11/24/2019
81,Sasha Werny,7,5,1,3,11/20/2019
82,Sanders Crickmore,,,5,4,11/24/2019
83,Leonard Wolfendell,5,4,1,1,11/23/2019
84,Britta Petrushka,3,3,4,4,11/22/2019
85,Aksel Morratt,4,2,3,4,11/20/2019
86,Gennie Street,5,5,,1,11/25/2019
87,Virgil Filyaev,6,5,5,2,11/23/2019
88,Dukie August,8,1,,0,11/25/2019
89,Christabel Whenman,3,3,2,2,11/20/2019
90,Earlie Teale,7,4,,1,11/19/2019
91,Benedick Keighly,9,1,1,4,11/21/2019
92,Christoffer Clarke,,3,2,3,11/23/2019
93,Denise Freak,2,4,,1,11/24/2019
94,Tandie Scneider,7,5,2,4,11/23/2019
95,Aguie Christauffour,8,3,2,1,11/19/2019
96,Krystalle Hallgarth,7,0,5,,11/25/2019
97,Ninnette Heynen,1,2,3,5,11/20/2019
98,Mufi Panks,3,2,3,2,11/25/2019
99,Sosanna Di Franceschi,5,3,1,2,11/21/2019
100,Helene Gammons,6,3,1,3,11/21/2019
101,Emalee Warmisham,7,6,3,2,11/23/2019
102,Hettie Habbes,6,4,,3,11/22/2019
103,Ianthe Kinnen,5,2,,1,11/20/2019
104,Rivkah Rabjohn,5,3,5,2,11/20/2019
105,Gabrielle Nicklen,8,,6,2,11/23/2019
106,Jarvis Plinck,5,4,4,1,11/23/2019
107,Reinald Pigdon,8,4,2,2,11/22/2019
108,Thekla Marjanski,3,,7,2,11/20/2019
109,Winne Harston,2,5,2,,11/22/2019
110,Marni Taunton,12,4,3,2,11/24/2019
111,Thedric Winsom,2,1,1,,11/22/2019
112,Anjanette Monsey,,3,4,3,11/24/2019
113,Kris Allday,,2,5,4,11/24/2019
114,Jessie Sancho,3,,2,,11/23/2019
115,Lorna Trinkwon,7,5,2,2,11/20/2019
116,Hamlen Gerring,3,,3,0,11/23/2019
117,Dani Gabe,1,5,,3,11/21/2019
118,Esme Badwick,3,7,,2,11/22/2019
119,Wilfrid De Domenico,4,,4,2,11/23/2019
120,Ingra Poser,2,1,,1,11/23/2019
121,Evvy Shine,3,3,4,,11/25/2019
122,Mariska Scathard,4,1,4,2,11/21/2019
123,Ambrosio Auguste,6,4,2,4,11/21/2019
124,Camella Gilks,4,,4,0,11/25/2019
125,Tally Nevin,6,2,2,,11/20/2019
126,Brandy Romagosa,8,4,,1,11/25/2019
127,Michele Billam,7,1,2,3,11/21/2019
128,Fairleigh Harvie,4,2,3,2,11/19/2019
129,Bret Bramsom,3,3,4,3,11/23/2019
130,Ulick Yearsley,5,1,6,2,11/21/2019
131,Jeffie Neiland,7,1,4,2,11/22/2019
132,Bertie Dradey,7,3,,1,11/20/2019
133,Loralee Cushworth,3,4,3,1,11/22/2019
134,Marylou Pulley,6,4,2,2,11/23/2019
135,Eugenie Davidsohn,6,,1,2,11/25/2019
136,Bearnard Ciccone,8,1,1,3,11/20/2019
137,Donna Oliveras,8,0,,3,11/20/2019
138,Dulcie Poppy,2,0,1,,11/25/2019
139,Vivianna Shoemark,6,4,,0,11/23/2019
140,Taddeo Ovens,7,3,6,4,11/21/2019
141,Cassandra Sarvar,7,4,4,4,11/24/2019
142,Vito Langforth,,2,1,1,11/23/2019
143,Toddy Devericks,6,2,2,1,11/22/2019
144,Renee Littlecote,,2,,1,11/19/2019
145,Fanchon Goning,2,5,4,,11/24/2019
146,Leeann Mergue,11,2,2,1,11/21/2019
147,Mari Kibel,4,5,5,0,11/24/2019
148,Cecilla Golden of Ireland,4,,0,3,11/22/2019
149,Roderic Chaney,5,4,1,1,11/19/2019
150,Izaak Querrard,4,,,0,11/23/2019
151,Greggory Trundle,4,5,3,2,11/23/2019
152,Sully Gellan,6,7,4,0,11/25/2019
153,Ingrid Oakeshott,5,3,5,0,11/24/2019
154,Barbra Tink,9,5,3,1,11/25/2019
155,Demetrius Plaistowe,2,4,3,1,11/21/2019
156,Jaquith Farraway,,2,,4,11/21/2019
157,Burgess Lansdowne,5,,4,1,11/21/2019
158,Man McGaugie,7,2,0,1,11/22/2019
159,Lillis Pottinger,4,,,,11/19/2019
160,Christean Wudeland,5,2,,2,11/24/2019
161,Annice Agates,5,1,2,,11/25/2019
162,Rudiger Stanluck,3,1,5,,11/21/2019
163,Ashleigh Beste,3,6,5,2,11/25/2019
164,Grove Sterling,5,,,,11/25/2019
165,Valina Elgar,2,3,3,,11/21/2019
166,Maddie Aiken,2,3,5,2,11/19/2019
167,Guendolen Coathup,,6,3,2,11/24/2019
168,Arielle Oda,3,,,1,11/23/2019
169,Geordie Pratty,2,2,,,11/25/2019
170,Bibbie Peckitt,0,4,,2,11/21/2019
171,Blayne Harget,7,,4,0,11/25/2019
172,Inglis Pickvance,5,,1,0,11/21/2019
173,Tani Pietzke,6,4,4,3,11/22/2019
174,Nina Sewards,4,,3,,11/19/2019
175,Bruce Nacci,,2,2,1,11/24/2019
176,Ellary Merrien,6,2,1,2,11/21/2019
177,Francyne Cockrill,6,3,4,1,11/24/2019
178,Rem Starte,4,4,3,1,11/21/2019
179,Marget Woollacott,4,6,,3,11/21/2019
180,Vin Caddan,8,4,,2,11/25/2019
181,Ramona Maciaszek,3,3,,3,11/20/2019
182,Crawford Fillis,5,2,3,2,11/20/2019
183,Godfry Cahey,4,2,3,1,11/24/2019
184,Loralie Shergill,,5,1,,11/20/2019
185,Ulberto Rubinsky,,1,0,2,11/21/2019
186,Izak Baukham,5,2,3,4,11/20/2019
187,Cece Sherwen,3,3,3,3,11/23/2019
188,Muffin Maffin,,4,1,0,11/25/2019
189,Rosene Otton,3,,2,3,11/23/2019
190,Tobe Dybell,6,2,4,,11/24/2019
191,Nathanial Bittlestone,,4,4,0,11/25/2019
192,Charyl Antonutti,,1,1,2,11/25/2019
193,Hali Scruton,6,6,4,0,11/22/2019
194,Gordan McGrey,,,6,,11/22/2019
195,Freedman Stockings,3,1,6,2,11/20/2019
196,Layne Wearne,,5,3,,11/21/2019
197,Falito Fishbourn,10,6,,1,11/23/2019
198,Chrysler Binny,3,1,2,,11/22/2019
199,Bronny Rosenstock,5,2,3,1,11/24/2019
200,Liuka Kuhnert,10,2,2,1,11/23/2019
201,Genni Pinkney,5,3,5,3,11/25/2019
202,Nara Stubley,,6,3,3,11/23/2019
203,Florie Wardesworth,6,,1,,11/22/2019
204,Karlen De Ambrosi,6,,1,,11/19/2019
205,Agnesse Dominguez,5,3,3,0,11/23/2019
206,Nora Fearenside,4,1,3,2,11/21/2019
207,Noah Comazzo,7,2,,,11/19/2019
208,Darrel Corfield,,3,5,4,11/24/2019
209,Thelma Enderwick,6,2,2,1,11/19/2019
210,Jeramie Coulthart,3,3,,2,11/23/2019
211,Deloris Murfill,11,7,,0,11/25/2019
212,Mari Alton,8,2,0,3,11/19/2019
213,Aubrey Hannent,5,,5,,11/20/2019
214,Rosalind Alvy,4,3,3,1,11/21/2019
215,Annamaria Aubert,4,3,2,1,11/24/2019
216,Twila Geerits,,6,1,3,11/23/2019
217,Giulietta Burnep,,,,1,11/20/2019
218,Nichole Joisce,,4,2,,11/23/2019
219,Gail McTerry,5,3,4,2,11/19/2019
220,Rosalinde Teresia,7,4,4,2,11/21/2019
221,Willi Blanc,2,4,2,2,11/25/2019
222,Angeline MacCart,,3,,2,11/20/2019
223,Alidia Renahan,4,3,,0,11/22/2019
224,Klemens Simion,4,3,1,,11/19/2019
225,Florri Navarre,3,,,3,11/19/2019
226,Clementine Labeuil,,2,,,11/20/2019
227,Emmalee Bulfoy,7,1,3,1,11/24/2019
228,Hayyim MacLennan,,4,,2,11/25/2019
229,Janenna Grinov,,4,4,0,11/23/2019
230,Cindy Trenbey,8,3,2,,11/23/2019
231,Consalve Roggerone,5,4,2,3,11/22/2019
232,Karel Base,5,,1,1,11/25/2019
233,Meaghan Crippen,,,4,2,11/25/2019
234,Constanta McCullagh,,1,2,0,11/20/2019
235,Arvie MacLleese,4,,,,11/20/2019
236,Lynn Stennett,3,6,5,1,11/25/2019
237,Thom Bragg,9,2,0,5,11/20/2019
238,Roselle Baggarley,7,3,,1,11/25/2019
239,Valentine Lattie,9,3,,1,11/21/2019
240,Toby Larner,11,3,,1,11/23/2019
241,Gualterio Pickburn,3,2,4,,11/25/2019
242,Auberta Curry,4,3,2,,11/24/2019
243,Richmond MacLeese,4,2,2,5,11/23/2019
244,Orv Bradnum,2,4,3,2,11/25/2019
245,Shantee Pettinger,,3,,5,11/25/2019
246,Eldridge Danforth,,4,3,1,11/20/2019
247,Corbet Coggon,4,,,1,11/24/2019
248,Jacob Maddrah,3,1,1,,11/25/2019
249,Lezley Scones,,1,2,0,11/25/2019
250,Audrie Warke,10,3,4,3,11/20/2019
251,Filippa Culp,4,5,0,2,11/23/2019
252,Lorelei Rielly,10,3,2,3,11/19/2019
253,Dulcinea Edgcumbe,7,6,1,1,11/20/2019
254,Helenka Cominotti,3,4,,,11/20/2019
255,Kasey McInulty,5,,3,2,11/20/2019
256,Gayla Geck,,0,3,2,11/22/2019
257,Willie Liquorish,,4,2,4,11/25/2019
258,Pace Jollands,1,4,,1,11/21/2019
259,Cornela Tiffin,1,4,3,2,11/24/2019
260,Elana Buttrum,5,5,1,3,11/21/2019
261,Salvatore Lawlings,5,2,1,,11/19/2019
262,Elston Swalwell,2,4,6,1,11/23/2019
263,Consolata Coughlin,6,3,3,4,11/19/2019
264,Vivienne Duhig,7,0,4,4,11/22/2019
265,Adriana O'Deegan,4,4,,2,11/21/2019
266,Berty Toffoloni,7,3,2,1,11/25/2019
267,Antoni Mc Gorley,6,0,4,0,11/19/2019
268,Aundrea Yon,8,2,5,0,11/25/2019
269,Bastien Kinnerk,8,1,2,0,11/20/2019
270,Mattheus Rushton,,4,5,5,11/21/2019
271,Florrie Manginot,8,2,3,,11/20/2019
272,Hugues Fincke,4,3,1,1,11/21/2019
273,Ashla Stobbes,1,0,4,2,11/21/2019
274,Ronna Thurske,7,,1,,11/22/2019
275,Kelwin Antonelli,4,2,3,5,11/21/2019
276,Petronille Scibsey,,4,5,3,11/21/2019
277,Helaine Dennidge,,4,,2,11/23/2019
278,Fae Pinel,3,3,0,3,11/22/2019
279,Wallis Gather,6,3,,3,11/23/2019
280,Katine Wykey,4,1,3,4,11/24/2019
281,Catherin Duley,3,2,3,,11/20/2019
282,Vi Pistol,5,0,,0,11/19/2019
283,Eda Alesio,8,5,,1,11/24/2019
284,Randell Bernadzki,6,3,3,2,11/20/2019
285,Nealy Darmody,9,4,2,2,11/19/2019
286,Leupold Sitlinton,4,,,1,11/22/2019
287,Kimmie Dockrell,1,4,1,1,11/19/2019
288,Averell Roth,8,1,3,2,11/25/2019
289,Remy Acott,5,1,6,2,11/24/2019
290,Yvonne Sedgemore,7,3,4,,11/20/2019
291,Muhammad Hannabus,3,1,1,2,11/23/2019
292,Maximilien Inker,9,2,2,2,11/25/2019
293,Tate Slegg,6,6,4,1,11/24/2019
294,Corissa Klimontovich,,1,,2,11/22/2019
295,Binky Keedwell,4,0,7,1,11/25/2019
296,Velvet Mogridge,11,3,5,5,11/22/2019
297,Ichabod Quiddinton,4,2,5,0,11/21/2019
298,Issie Perham,,1,7,1,11/21/2019
299,Abbi Lawful,6,3,5,3,11/21/2019
300,Abra Carlin,2,3,,2,11/23/2019
301,Poul Danko,5,6,3,2,11/24/2019
302,Dino Bryenton,10,,,4,11/20/2019
303,Kahaleel Cella,3,1,4,3,11/20/2019
304,Cristionna Rumble,5,6,7,1,11/20/2019
305,Anabel Sawden,4,7,1,3,11/22/2019
306,Anabella Feehan,,2,3,,11/23/2019
307,Glad Balharry,13,2,,1,11/24/2019
308,Inga Claque,,5,1,2,11/25/2019
309,Binni Gherardesci,4,,,,11/24/2019
310,Daphne Ramsell,,6,1,3,11/22/2019
311,Rockey Whitby,0,4,7,3,11/24/2019
312,Jasmine Whate,8,2,3,1,11/25/2019
313,Charlene Pannett,6,,,0,11/20/2019
314,Joyann Lewisham,2,4,3,3,11/21/2019
315,Brittani Girardini,5,1,4,2,11/24/2019
316,Burton Mattingly,5,5,3,5,11/22/2019
317,Arin Myrkus,5,3,,2,11/19/2019
318,Keven Phethean,2,6,1,2,11/20/2019
319,Joel Balmer,10,3,3,0,11/19/2019
320,Sibylla Hencke,5,7,3,3,11/23/2019
321,Robinet Dellenty,5,,3,1,11/22/2019
322,Kristi Dalgliesh,0,4,,1,11/23/2019
323,Rosina Santen,10,,,1,11/19/2019
324,Artemas Baxstar,,4,,1,11/21/2019
325,Kinna Zarfat,6,4,6,2,11/23/2019
326,Leora Kinnerk,7,4,1,1,11/21/2019
327,Kurt Freschini,8,5,,0,11/25/2019
328,Boigie Joerning,4,1,,3,11/19/2019
329,Abdul Nurdin,10,6,4,1,11/23/2019
330,Grenville Thelwll,3,2,4,1,11/21/2019
331,Colet Sille,5,1,3,1,11/23/2019
332,Ruthi Tebbutt,1,4,4,,11/23/2019
333,Vinnie Varley,10,2,,5,11/25/2019
334,Brunhilda Clyde,4,6,5,1,11/25/2019
335,Emmie Jobbings,5,3,,2,11/23/2019
336,Kearney Gosford,4,3,1,,11/25/2019
337,Kai Hewlings,4,4,,3,11/19/2019
338,Vivyan Cron,9,,3,4,11/24/2019
339,Wylie Batte,,,3,,11/20/2019
340,Bertina Adair,,4,1,,11/23/2019
341,Kata Queen,8,,2,1,11/19/2019
342,Tallulah Embling,6,,3,2,11/21/2019
343,Nerta Housbey,5,,4,1,11/24/2019
344,Marcelia Ekell,6,4,3,1,11/19/2019
345,Merrick Suter,1,,2,3,11/25/2019
346,Ursola Fawcus,,2,4,0,11/23/2019
347,Delaney Spridgeon,6,2,,2,11/21/2019
348,Edita Cassely,5,,2,2,11/21/2019
349,Garek Grigor,4,5,0,2,11/24/2019
350,Josias Conrath,4,4,1,3,11/20/2019
351,Nate Esslemont,,3,4,3,11/20/2019
352,Danell Sergison,6,4,,1,11/23/2019
353,Agata Becket,4,,2,4,11/24/2019
354,Hayward Duffer,3,3,2,,11/23/2019
355,Carey Sherston,,3,,2,11/23/2019
356,Jannelle O'Donnell,3,5,3,1,11/23/2019
357,Kenon Byk,,,7,2,11/24/2019
358,Bill Maymand,9,,4,,11/20/2019
359,Zorah Dower,,,3,2,11/21/2019
360,Kalila Everitt,3,2,4,2,11/24/2019
361,Jobye Cozens,3,,5,2,11/19/2019
362,Aubry Huddy,4,6,3,3,11/25/2019
363,Axe Edwardson,5,3,0,3,11/20/2019
364,Tamiko Diffley,8,,2,4,11/23/2019
365,Margette Volleth,,6,8,,11/21/2019
366,Caesar Helin,7,1,2,1,11/23/2019
367,Harvey Asplen,6,,3,5,11/25/2019
368,Jacky Halversen,4,3,5,,11/25/2019
369,Babbie Lawlance,6,,2,2,11/19/2019
370,Ferdinand Fowden,3,1,3,1,11/22/2019
371,Dehlia Radsdale,,,5,2,11/25/2019
372,Lucie Mateescu,7,5,4,0,11/22/2019
373,Porty Plevin,,4,6,1,11/25/2019
374,Yank Bezemer,7,2,0,7,11/21/2019
375,Dion Tuft,5,1,4,1,11/25/2019
376,Ivy Kippen,2,2,2,2,11/25/2019
377,Doralin Franzotto,5,4,5,2,11/25/2019
378,Stearn Sutterby,6,4,0,1,11/21/2019
379,Salvatore Scandroot,5,4,,3,11/20/2019
380,Farlie Calverd,2,4,2,1,11/20/2019
381,Germaine Rasor,4,2,3,2,11/19/2019
382,Nolan Gligori,7,4,1,,11/19/2019
383,Renaldo Ridolfi,5,3,,4,11/22/2019
384,Hatti Sancias,5,,5,3,11/21/2019
385,Karolina Tineman,5,,,,11/21/2019
386,Hardy Dibling,2,3,5,2,11/23/2019
387,Sharla Godman,4,,2,,11/19/2019
388,Marsiella Leadstone,1,,2,0,11/24/2019
389,Karen Kment,,5,2,1,11/23/2019
390,Dania Balke,8,1,4,0,11/19/2019
391,Carly Guilbert,1,4,0,3,11/25/2019
392,Uta Hingeley,3,4,,,11/20/2019
393,Raychel Leavey,,5,,2,11/19/2019
394,Merill Sunley,5,5,,1,11/25/2019
395,Malvin Firby,7,4,1,,11/22/2019
396,Florinda Elderkin,2,2,3,0,11/25/2019
397,Ferguson Toke,4,5,,1,11/24/2019
398,Janel Trevain,2,5,6,1,11/25/2019
399,Ashlan Firle,3,1,,,11/23/2019
400,Ian Lapley,6,4,1,1,11/22/2019
401,Waldemar Hellikes,6,4,3,2,11/21/2019
402,Conney Jorck,6,4,4,1,11/19/2019
403,Cammy Seagood,2,,0,1,11/23/2019
404,Sibylla Etherton,4,9,3,0,11/21/2019
405,Eveleen Deinhard,6,5,3,2,11/23/2019
406,Hayley Dalyiel,4,2,3,,11/25/2019
407,Pat Forstall,,1,3,,11/19/2019
408,Silvanus Wigin,3,,,,11/20/2019
409,Stefa Stitle,3,,5,2,11/23/2019
410,Kirby Lewins,,3,,1,11/21/2019
411,Jeni Avesque,3,3,2,2,11/20/2019
412,Shane McDougald,5,7,1,0,11/23/2019
413,Erina Canto,9,0,4,1,11/25/2019
414,Zorana Maplethorpe,2,,3,,11/21/2019
415,Wes Riddles,3,4,2,0,11/19/2019
416,Babita Pear,4,2,1,,11/19/2019
417,Anderson Treadway,6,2,3,3,11/22/2019
418,Faber Ulrik,0,4,4,1,11/22/2019
419,Bentley Vincent,5,6,,3,11/25/2019
420,Broddy Jarret,2,2,,2,11/20/2019
421,Darby Aspland,6,2,,0,11/19/2019
422,Melonie Letch,0,2,,2,11/23/2019
423,Sawyere Lazonby,4,,1,3,11/25/2019
424,Sarajane Housiaux,,,,,11/23/2019
425,Norina Grono,5,4,1,,11/20/2019
426,Kristofer Kinloch,5,3,,2,11/22/2019
427,Dore Dukelow,,3,3,,11/21/2019
428,Koral Fynan,1,4,1,2,11/24/2019
429,Ericka Galiero,3,2,,0,11/20/2019
430,Rey Varga,3,1,,2,11/23/2019
431,Fredrick Taylder,,4,1,2,11/20/2019
432,Clio Bellwood,7,5,0,,11/25/2019
433,Ettore Enrico,2,4,5,2,11/25/2019
434,Gerek Senton,9,1,4,0,11/25/2019
435,Teodora Loges,6,,2,1,11/21/2019
436,Yetta Farlambe,7,3,8,1,11/19/2019
437,Gray Eva,5,2,2,1,11/21/2019
438,Lindsey Leachman,8,3,2,7,11/19/2019
439,Cirilo Marvel,,3,1,,11/19/2019
440,Becky Haccleton,,3,2,,11/23/2019
441,Gale McCraine,10,2,4,3,11/20/2019
442,Pier Jardin,2,4,2,,11/23/2019
443,Penn Tuting,4,,,1,11/21/2019
444,Abbe Davidovitch,6,5,4,4,11/24/2019
445,Orelia Cholton,5,2,3,1,11/25/2019
446,Konstance Gullis,6,,,2,11/21/2019
447,Gun Geerits,6,,,3,11/21/2019
448,Talia McAsgill,7,,1,3,11/22/2019
449,Diarmid McLarty,5,4,4,4,11/21/2019
450,Trina Negal,2,6,,1,11/25/2019
451,Rodd Boissier,2,3,4,1,11/21/2019
452,Malachi Iamittii,9,2,3,,11/20/2019
453,Dayle Arch,9,3,,,11/21/2019
454,Germaine Curston,8,,8,1,11/20/2019
455,Rheba Yorke,2,,4,0,11/24/2019
456,Shay Fibbit,5,2,3,5,11/24/2019
457,Fancy Stride,5,3,1,1,11/23/2019
458,Gibb Palomba,,2,,4,11/19/2019
459,Federica Antram,7,2,2,1,11/19/2019
460,Wilden Adlard,4,3,2,,11/19/2019
461,Blondy Finker,7,,5,5,11/19/2019
462,Grange Aveline,7,3,4,1,11/22/2019
463,Starla Egell,7,,4,2,11/23/2019
464,Page Patillo,5,0,,1,11/20/2019
465,Aura Lowings,11,3,,,11/25/2019
466,Creigh Traill,8,3,3,1,11/22/2019
467,Neal Cattonnet,3,6,4,2,11/22/2019
468,Yolanthe Stuchburie,4,1,,3,11/20/2019
469,Xever Tunnacliffe,,7,,2,11/19/2019
470,Whitney Denisard,2,3,2,4,11/25/2019
471,Esta Corballis,5,4,3,0,11/24/2019
472,Rowena Edgerly,5,3,2,0,11/21/2019
473,Honor Sacaze,5,2,3,1,11/24/2019
474,Roger Bremley,,2,,2,11/25/2019
475,Cahra Eddison,4,,2,,11/20/2019
476,Taryn Cudmore,4,4,5,2,11/19/2019
477,Harriette Kulver,3,9,2,1,11/22/2019
478,Sayer Oldred,,2,,,11/19/2019
479,Deane Lambertson,2,4,3,,11/21/2019
480,Kimble Shoemark,8,6,1,,11/19/2019
481,Desirae Badgers,,3,4,1,11/23/2019
482,Shelbi Mariet,7,,1,1,11/20/2019
483,Jori Percy,3,4,8,0,11/25/2019
484,Arleen Cuskery,5,,7,3,11/24/2019
485,Angy Flatte,,2,4,2,11/22/2019
486,Jdavie Seiler,5,2,4,1,11/24/2019
487,Tymothy Corre,2,0,2,0,11/25/2019
488,Florencia Munton,7,,,4,11/20/2019
489,Ariel Nester,,2,2,2,11/22/2019
490,Beaufort Andrioni,,2,3,1,11/24/2019
491,Cindy Brauninger,4,10,3,2,11/20/2019
492,Jacobo Tween,4,1,2,4,11/19/2019
493,Bail Woolis,6,5,4,1,11/24/2019
494,Maegan Dalston,5,1,3,3,11/24/2019
495,Gray Degli Abbati,4,1,5,,11/22/2019
496,Rosie Geri,6,4,,2,11/21/2019
497,Aila Dargue,4,4,7,3,11/21/2019
498,Dolph McNiff,2,3,,2,11/23/2019
499,Lorrie Diegan,7,2,2,,11/20/2019
500,Derby Chidler,5,,,2,11/25/2019
501,Albrecht Arnauduc,8,5,7,2,11/22/2019
502,Nichole Brockwell,5,3,0,4,11/22/2019
503,Justen Poleykett,,1,3,,11/25/2019
504,Louisa Legan,7,3,5,0,11/23/2019
505,Allistir McClancy,4,4,0,2,11/20/2019
506,Bentlee Brabender,3,1,3,3,11/21/2019
507,Loretta Oxlade,3,3,,1,11/25/2019
508,Darcey Kelwick,4,,2,3,11/21/2019
509,Ginger Eisikowitch,8,,1,2,11/24/2019
510,Stearne Klug,3,1,,1,11/23/2019
511,Rhianon Camerati,5,2,0,1,11/22/2019
512,Rufus Clissell,2,1,2,4,11/23/2019
513,Gilberta De Beauchamp,1,2,4,,11/23/2019
514,Matthiew Licquorish,6,2,4,2,11/25/2019
515,Phylys Bakesef,2,3,6,1,11/23/2019
516,Catlaina Martellini,7,1,4,5,11/21/2019
517,Jess Morritt,,3,2,,11/22/2019
518,Vick Linay,11,5,2,0,11/25/2019
519,Lidia Gillitt,3,3,2,,11/23/2019
520,Timmy Ormiston,4,1,1,,11/25/2019
521,Joshua Sturte,4,2,,3,11/23/2019
522,Ilene Petrolli,3,3,,,11/21/2019
523,Rosmunda Rau,5,3,2,2,11/19/2019
524,Anatole Margiotta,5,0,4,,11/23/2019
525,Melisent Rapi,4,,4,0,11/23/2019
526,Ellerey Massen,4,6,4,1,11/22/2019
527,Timmie Evelyn,3,1,,7,11/23/2019
528,Mendie Colyer,2,3,,,11/19/2019
529,Brod Stenett,,2,4,,11/22/2019
530,Vasily Falconar,4,3,0,3,11/19/2019
531,Moyra Carbry,4,1,3,3,11/19/2019
532,Ailsun Agnolo,7,1,4,0,11/21/2019
533,Harmony Veldens,4,,,1,11/22/2019
534,Colman Dooher,8,2,,5,11/22/2019
535,Maryrose Zanni,6,1,3,0,11/20/2019
536,Jules Galletly,6,,,0,11/20/2019
537,Zahara Scherer,2,4,4,5,11/22/2019
538,Gabriele Athelstan,9,3,2,1,11/21/2019
539,Esma Harsant,5,,2,0,11/23/2019
540,Constantia MacKeeg,3,,2,2,11/23/2019
541,Traver Carlo,3,,4,1,11/19/2019
542,Carlynne Johnsey,8,1,2,3,11/25/2019
543,Dimitry Brierley,7,5,,3,11/20/2019
544,Tonia Pincked,3,1,,,11/19/2019
545,Claudette Misk,4,1,2,2,11/20/2019
546,Alexandra Bourcq,,2,,2,11/20/2019
547,Shae Jeyes,6,4,3,,11/22/2019
548,Robin Trott,5,0,,,11/23/2019
549,Haily Darey,2,2,6,3,11/24/2019
550,Elvyn Karpov,4,,1,,11/23/2019
551,Innis Penhaligon,3,1,,1,11/19/2019
552,Wenona Cattrell,8,,,4,11/24/2019
553,Tabby Malpass,,7,2,1,11/22/2019
554,Beverly Sauter,8,3,9,3,11/19/2019
555,Cirstoforo Posselt,4,4,1,1,11/24/2019
556,Christian Dent,4,5,,,11/24/2019
557,Mary Doblin,5,3,5,3,11/20/2019
558,Orran Godbolt,6,5,3,,11/22/2019
559,Putnam Mongeot,3,1,1,,11/22/2019
560,Carlyn Swan,5,2,4,2,11/24/2019
561,Merlina Bagshawe,,4,5,,11/20/2019
562,Jordana Fritche,7,,,1,11/25/2019
563,Dew Onge,,2,2,1,11/22/2019
564,Ellen Sealove,5,,,1,11/23/2019
565,Gwenette Howgill,4,,2,2,11/24/2019
566,Seymour Brandreth,,,3,1,11/21/2019
567,Umeko Le Grand,5,,,2,11/21/2019
568,Nichole Mars,4,2,2,3,11/21/2019
569,Kalie Gimber,3,3,5,3,11/22/2019
570,Palm Theodore,1,2,5,4,11/19/2019
571,Elane Killingbeck,8,1,0,0,11/23/2019
572,Corie Yesinin,5,2,2,1,11/25/2019
573,Thomas Eglin,5,2,,1,11/23/2019
574,Jamill McConnachie,3,,3,2,11/25/2019
575,Malvina Houson,,3,3,1,11/23/2019
576,Luca Haughey,3,,3,2,11/23/2019
577,Guthrey Licence,3,,5,3,11/20/2019
578,Hubey Muir,3,2,6,2,11/21/2019
579,Ianthe Mugleston,3,,4,2,11/23/2019
580,Earlie Dennerly,3,0,,0,11/23/2019
581,Reinold Lomaz,2,3,7,2,11/20/2019
582,Simeon Langan,6,4,2,,11/20/2019
583,Didi Eiler,,4,6,4,11/23/2019
584,Findley Gounin,5,,7,1,11/23/2019
585,Alfie Gypson,2,3,5,,11/25/2019
586,Inger McBrady,3,2,5,0,11/25/2019
587,Maighdiln Pennyman,3,0,4,1,11/25/2019
588,Blisse Nieass,2,5,2,0,11/25/2019
589,Clim Cuxson,5,1,3,1,11/19/2019
590,Kristy Zieme,4,4,2,3,11/21/2019
591,Thomas Wettern,8,5,4,0,11/22/2019
592,Juli Moggie,4,2,6,0,11/21/2019
593,Faulkner Deeson,12,,2,1,11/25/2019
594,Christiane Woolfoot,2,2,1,,11/23/2019
595,Emlyn Legon,5,3,3,1,11/23/2019
596,Renelle Valentin,6,6,2,5,11/20/2019
597,Brant Benedito,9,1,1,5,11/25/2019
598,Hallie Shurey,,,3,,11/22/2019
599,Conant Ranvoise,3,1,,,11/19/2019
600,Sander Keling,3,3,1,1,11/20/2019
601,Elbert Topaz,9,5,,,11/22/2019
602,Brenden Wraggs,1,4,3,3,11/19/2019
603,Loren Finnimore,,,1,4,11/24/2019
604,Justen Brahmer,6,0,1,2,11/23/2019
605,Ruperta Hiddersley,4,2,0,2,11/25/2019
606,Jordan Bensley,6,3,1,,11/23/2019
607,Johannah Grantham,4,,7,2,11/20/2019
608,Lou Gemelli,4,,6,1,11/19/2019
609,Geordie Scarlet,5,4,4,2,11/21/2019
610,Chicky Sabberton,4,2,2,4,11/23/2019
611,Taite Felix,7,3,4,,11/21/2019
612,Tatum Dignan,7,,2,2,11/19/2019
613,Friedrick Shackleton,,,1,,11/21/2019
614,Caria Balchin,,4,4,0,11/24/2019
615,Tad Jarad,10,2,1,3,11/24/2019
616,Jareb Jerrome,5,4,3,3,11/24/2019
617,Isa Sweetenham,,5,,1,11/21/2019
618,Fletcher Hardstaff,6,2,5,5,11/21/2019
619,Jackie Cufflin,4,1,3,4,11/20/2019
620,Averil Terbeck,5,2,2,1,11/24/2019
621,Gerrie Jain,5,2,,4,11/24/2019
622,Halie Edgar,4,,5,,11/23/2019
623,Obidiah Ashelford,6,,2,2,11/19/2019
624,Ashien Melton,,5,4,2,11/24/2019
625,Dennis Tremathack,9,2,2,0,11/24/2019
626,Fan Stoggles,5,4,3,0,11/21/2019
627,Georgeanne Savery,,,,2,11/23/2019
628,Andee McGriele,2,,,1,11/24/2019
629,Rodrigo Edgar,,3,,2,11/22/2019
630,Schuyler Osborne,4,3,,1,11/19/2019
631,Paco Galfour,2,2,4,2,11/24/2019
632,Skippie Considine,,0,0,0,11/25/2019
633,Bethany Grindrod,5,1,2,2,11/25/2019
634,Hillary Clayill,,,3,0,11/22/2019
635,Briny Raspel,4,3,3,2,11/24/2019
636,Olivier Southcott,5,2,1,0,11/23/2019
637,Charley Slowcock,,3,5,2,11/24/2019
638,Gerry Raithmill,1,4,,5,11/23/2019
639,Padgett Oels,6,0,1,3,11/23/2019
640,Homer Darthe,9,4,,2,11/25/2019
641,Nathalia Farlane,8,2,5,,11/24/2019
642,Phyllys Martinovsky,5,1,4,2,11/20/2019
643,Clementine Lodevick,3,2,,1,11/19/2019
644,Amalle Duer,,,0,1,11/24/2019
645,Rose Lombard,7,2,1,,11/25/2019
646,Micheal Godfrey,3,5,,4,11/24/2019
647,Clyve Reece,15,1,,,11/24/2019
648,Gianni Liggett,5,0,3,2,11/21/2019
649,Nola Cabane,7,,,0,11/23/2019
650,Conni Colquhoun,4,5,1,2,11/25/2019
651,Beret O' Reagan,7,4,3,0,11/21/2019
652,Thea Bernhart,2,3,,,11/21/2019
653,Maye Forseith,4,5,5,1,11/25/2019
654,Parsifal Esome,,2,1,3,11/20/2019
655,Luise Marvelley,5,4,0,2,11/22/2019
656,Stesha Youll,6,1,0,3,11/20/2019
657,Fredericka Tummond,2,2,3,0,11/20/2019
658,Alla McAvinchey,2,3,,1,11/19/2019
659,Kellyann Calabry,3,5,2,1,11/20/2019
660,Sheilah Gunderson,5,2,3,2,11/23/2019
661,April Minero,7,4,1,,11/24/2019
662,Jean Mizzen,9,6,2,2,11/22/2019
663,Early Kupka,5,3,3,3,11/21/2019
664,Alister St. Paul,7,,2,4,11/21/2019
665,Jaclin Pendergrast,3,3,2,1,11/24/2019
666,Allie Lanaway,2,4,4,,11/19/2019
667,Matthieu Filchakov,6,5,,,11/23/2019
668,Russ Carrabott,3,2,2,1,11/22/2019
669,Judye Hackin,0,7,2,1,11/20/2019
670,Miran Heather,5,,3,1,11/23/2019
671,Brion Cordeiro,4,,2,4,11/22/2019
672,Hirsch Gordge,4,,4,,11/19/2019
673,Emalia Ackermann,5,5,,1,11/21/2019
674,Kalindi Strond,1,2,1,2,11/20/2019
675,Paco Danks,,,,1,11/23/2019
676,Salomone Licari,1,4,4,0,11/25/2019
677,Eugen Pairpoint,6,3,,,11/21/2019
678,Vincent Vautrey,,5,,0,11/23/2019
679,Gal Jursch,,5,,,11/22/2019
680,Anatol de Najera,,2,,1,11/25/2019
681,Jacquette Siggens,5,5,3,,11/20/2019
682,Christy Mabe,,1,4,0,11/25/2019
683,Dory Vallance,2,5,3,4,11/21/2019
684,Evie Bispham,5,0,2,3,11/19/2019
685,Agata Deighan,4,,3,2,11/24/2019
686,Kennie Schaben,7,2,,4,11/25/2019
687,Marthena Hollibone,,4,3,1,11/21/2019
688,Gregory Mariotte,8,,2,,11/20/2019
689,Rozanne Debenham,,3,3,1,11/21/2019
690,Angelina Innett,6,2,5,,11/20/2019
691,Jamill Runnacles,1,2,,1,11/25/2019
692,Salem Triggle,,2,,,11/20/2019
693,Horst Salzberger,3,,5,1,11/19/2019
694,Papageno Bondar,,4,1,,11/19/2019
695,Aurelea Manley,4,6,6,0,11/25/2019
696,Marion Buzin,,3,3,3,11/19/2019
697,Oneida D'Antonio,1,3,,2,11/25/2019
698,Hortense Boyland,11,,3,2,11/23/2019
699,Nichol Nipper,7,0,1,0,11/19/2019
700,Arda Killick,5,0,,2,11/20/2019
701,Zolly Couzens,8,2,4,,11/20/2019
702,Roseann Wooding,7,,6,,11/19/2019
703,Kizzie Tiner,,3,1,0,11/23/2019
704,Lilllie Stollenwerck,0,4,2,2,11/24/2019
705,Karoly Gallaher,4,1,5,3,11/25/2019
706,Denis Toseland,7,,3,1,11/21/2019
707,Dev Vitte,5,1,,3,11/23/2019
708,Romona Wadley,,2,,,11/23/2019
709,Brocky Akett,6,4,3,2,11/24/2019
710,Gene Sacker,2,,,,11/25/2019
711,Barron Zanussii,5,5,3,3,11/24/2019
712,Jerrylee Barrie,3,1,3,1,11/20/2019
713,Hedi Laphorn,,2,5,1,11/21/2019
714,Arel Quiney,4,4,,1,11/25/2019
715,Corena Statton,,1,,2,11/24/2019
716,Elvira Feaks,4,3,2,3,11/24/2019
717,Glenn Willson,1,,2,,11/21/2019
718,Osbourn Colleford,3,2,2,1,11/22/2019
719,Catina Luscombe,2,7,4,4,11/22/2019
720,Dawna Willmont,4,3,5,1,11/23/2019
721,Duffy Bengal,2,6,3,2,11/23/2019
722,Sigismondo Berndsen,6,4,5,5,11/21/2019
723,Alexandr Shaxby,2,3,4,0,11/21/2019
724,Oberon Sante,5,1,,2,11/21/2019
725,Lira Hulland,3,2,4,,11/24/2019
726,Orelee Craxford,3,3,,1,11/24/2019
727,Collette Amiss,5,3,4,,11/23/2019
728,Averyl Shortt,5,4,,2,11/20/2019
729,Emmalynn Penhale,4,2,,2,11/22/2019
730,Marilee Gaskal,3,2,4,0,11/23/2019
731,Dion Guidotti,5,,0,0,11/19/2019
732,Maurine Meuse,,3,2,2,11/25/2019
733,Megen Ellens,3,4,2,2,11/22/2019
734,Jillian Smallcomb,2,1,,1,11/20/2019
735,Baird Oldfield,1,4,,6,11/22/2019
736,Sarge Ewebank,,1,5,,11/19/2019
737,Nilson Drable,6,3,3,3,11/21/2019
738,Fairlie Kivelle,6,5,,2,11/20/2019
739,Rolando Iacovucci,5,3,,4,11/21/2019
740,Dawn Mc Cahey,6,4,3,3,11/19/2019
741,Arturo De la Zenne,,1,4,4,11/23/2019
742,Aurelie Buttrick,5,,,4,11/21/2019
743,Audie Dameisele,9,2,,2,11/22/2019
744,Lauren Barribal,3,4,4,1,11/24/2019
745,Chaddy Banthorpe,4,2,2,,11/25/2019
746,Virgina Francisco,2,4,1,1,11/23/2019
747,Germain Niezen,7,3,5,2,11/22/2019
748,Evangelin Bradforth,,1,5,1,11/23/2019
749,Myrtia Camerati,,4,3,3,11/23/2019
750,Alfy Cradduck,3,0,,0,11/21/2019
751,Lacy Ratie,4,1,,5,11/19/2019
752,Ludvig Ditzel,6,2,5,,11/23/2019
753,Brittney Goodlip,,6,3,1,11/24/2019
754,Cale Staff,5,3,3,,11/23/2019
755,Aloysius Tucsell,7,2,5,2,11/25/2019
756,Evvy Shillitoe,3,,8,4,11/25/2019
757,Laetitia Abbyss,3,3,8,5,11/24/2019
758,Leoline Degli Abbati,,0,1,,11/25/2019
759,Giuditta Rock,4,4,4,,11/19/2019
760,Dode Hall,3,3,5,2,11/24/2019
761,Danika Buche,3,3,4,2,11/22/2019
762,Obed Brookes,3,5,,1,11/25/2019
763,Clement Cork,,,6,5,11/19/2019
764,Grata Etridge,8,,5,2,11/25/2019
765,Rurik Cockshutt,,4,5,2,11/24/2019
766,Milli Nicholas,,1,,,11/22/2019
767,Haroun Jaqueme,6,1,3,1,11/22/2019
768,Rancell Townsend,5,,,1,11/20/2019
769,Dominik Mellody,7,6,,,11/25/2019
770,Xerxes Whitter,7,5,1,1,11/23/2019
771,Les Panchen,4,6,1,2,11/19/2019
772,Torey Hamblyn,7,2,,,11/24/2019
773,Shaylyn Shayler,9,2,3,3,11/25/2019
774,Calv Tunny,5,6,,4,11/20/2019
775,Burl Windebank,3,,0,0,11/23/2019
776,Andriette Auchterlonie,7,3,3,,11/19/2019
777,Darrel Stansbie,,3,9,4,11/23/2019
778,Adrianne Morrant,4,0,1,3,11/21/2019
779,Bobby Schuler,4,4,2,2,11/22/2019
780,Julita Indgs,5,4,1,1,11/22/2019
781,Dena Dundredge,3,2,0,0,11/21/2019
782,Lian Wills,8,4,4,2,11/25/2019
783,Ingamar Fawssett,3,1,2,2,11/19/2019
784,Jule Nisco,5,,1,0,11/21/2019
785,Page Pruvost,5,2,5,0,11/22/2019
786,Christophe Poulston,4,,5,2,11/23/2019
787,Olag Baldetti,4,4,4,2,11/24/2019
788,Jerad Rapley,8,3,1,1,11/23/2019
789,Hillard Lamblot,,,5,0,11/22/2019
790,Charles Follett,7,3,2,,11/19/2019
791,Merwyn Tomczykiewicz,3,,1,,11/21/2019
792,Lucretia Ecles,4,5,4,3,11/21/2019
793,Elvera Goodredge,,,4,0,11/22/2019
794,Madalyn Quarterman,5,2,2,3,11/25/2019
795,Cherilynn Dymocke,4,,2,3,11/22/2019
796,Brandyn Griffith,,6,5,1,11/20/2019
797,Wolfy Salle,4,0,,0,11/23/2019
798,Melany Jacmard,2,4,6,,11/24/2019
799,Devlin Askaw,7,3,3,3,11/21/2019
800,Caterina Giacopetti,4,,,1,11/24/2019
801,Nikoletta Stabler,4,3,2,1,11/21/2019
802,Patten Debling,7,3,5,2,11/19/2019
803,Phoebe Eyles,4,4,0,6,11/20/2019
804,Erwin Baumann,4,6,4,1,11/20/2019
805,Thorn Moodie,9,,2,0,11/21/2019
806,Ed Adam,,2,1,,11/23/2019
807,Candy Lympenie,3,2,3,,11/20/2019
808,Row Kilbourne,3,0,,2,11/22/2019
809,Bendick Andreas,5,3,2,1,11/21/2019
810,Harriot Pinder,4,,2,1,11/25/2019
811,Rosetta Tinkham,3,1,2,1,11/20/2019
812,Madelyn Spirit,3,,,2,11/25/2019
813,Datha Oxtarby,8,3,1,3,11/25/2019
814,Scarface Klimschak,,2,3,3,11/25/2019
815,Bernette Slewcock,8,2,2,3,11/22/2019
816,Silvester Henze,6,,1,2,11/24/2019
817,Nolie Plastow,,,5,1,11/20/2019
818,Aubine Hawke,2,3,3,4,11/22/2019
819,Gwenette Hasnip,,5,5,4,11/23/2019
820,Gertrudis McAvinchey,6,4,3,1,11/22/2019
821,Kaleena Seabridge,6,5,5,7,11/23/2019
822,Mellicent Hulle,5,0,9,5,11/25/2019
823,Sallee Scraney,,2,2,0,11/19/2019
824,William Kedslie,1,2,,1,11/20/2019
825,Putnam Getley,8,5,4,0,11/19/2019
826,Enoch Oblein,8,,0,1,11/24/2019
827,Randie Lusgdin,7,5,2,4,11/21/2019
828,Cleopatra Perroni,6,,0,1,11/19/2019
829,Moritz Tancock,6,1,1,3,11/21/2019
830,Max Glaister,,,,0,11/25/2019
831,Morry Usher,8,1,4,0,11/21/2019
832,Leola Le Brum,6,3,2,,11/21/2019
833,Else Heintsch,5,3,1,2,11/24/2019
834,Weston Noods,7,3,2,2,11/19/2019
835,Lissy Allebone,,3,3,,11/21/2019
836,Naoma Nettle,4,3,6,2,11/23/2019
837,Pancho Robinet,5,,7,2,11/20/2019
838,Bibbie Bewfield,8,3,,1,11/21/2019
839,Ranna Rookledge,2,0,3,4,11/19/2019
840,Mace Dudgeon,4,6,4,2,11/21/2019
841,Editha Munkley,4,0,3,2,11/19/2019
842,Wash Garioch,,0,,2,11/25/2019
843,Marybeth Garrett,,,,3,11/25/2019
844,Tibold Clamo,2,5,2,0,11/20/2019
845,Chico Dunster,5,1,2,7,11/24/2019
846,Cheslie Grelik,,1,7,3,11/22/2019
847,Sholom Colegrove,5,4,4,1,11/20/2019
848,Lauraine Harvey,5,3,1,,11/20/2019
849,Willy Hickenbottom,1,4,,2,11/22/2019
850,Bowie Bertrand,,0,2,,11/21/2019
851,Gunner Lappine,,3,1,,11/24/2019
852,Cly Goley,,,,3,11/22/2019
853,Zed Bolderstone,,4,,3,11/21/2019
854,Nealy Wainer,2,0,2,,11/24/2019
855,Trevar Corkill,8,,3,2,11/20/2019
856,Donall Gainsbury,,3,4,1,11/20/2019
857,Monica Bown,4,1,,3,11/22/2019
858,Corbie Spellman,4,7,,1,11/19/2019
859,Nessa Reubbens,6,3,,4,11/20/2019
860,Jenifer Kelinge,4,2,1,1,11/20/2019
861,Gery Frederick,8,4,4,,11/21/2019
862,Mina Cadamy,11,4,3,2,11/24/2019
863,Lisetta Middlemass,5,5,4,4,11/22/2019
864,Tamar Kordes,7,5,3,,11/20/2019
865,Ninette Tschirschky,4,3,1,3,11/25/2019
866,Maddy Canon,5,4,2,0,11/20/2019
867,Angelle Warbey,,4,2,3,11/23/2019
868,Feodora Pester,4,5,3,1,11/23/2019
869,Lynna Armitage,7,5,5,8,11/24/2019
870,Valli Hambling,6,4,4,0,11/24/2019
871,Mace Farguhar,2,5,2,2,11/19/2019
872,Rabbi Reidshaw,6,4,3,1,11/21/2019
873,Sutherland Bonavia,4,4,3,3,11/23/2019
874,Crystie Boulding,2,2,3,4,11/20/2019
875,Corbet Noen,,,3,5,11/22/2019
876,Rice Gerling,5,1,,2,11/22/2019
877,Demott Wibrow,10,5,6,3,11/25/2019
878,Rafe Reubbens,4,1,4,2,11/22/2019
879,Fulvia Jovis,6,4,3,0,11/19/2019
880,Tabina Bartens,6,0,4,2,11/23/2019
881,Cleo Youell,7,1,1,0,11/22/2019
882,Marty Deave,5,,1,2,11/23/2019
883,Isabel Emery,6,1,3,0,11/22/2019
884,Martin Gollop,4,,3,,11/21/2019
885,Adore Gypps,7,,,2,11/19/2019
886,Craggy Hawk,4,2,3,2,11/22/2019
887,Fedora Pettifer,4,5,6,,11/23/2019
888,Sutherland Keningley,,3,6,1,11/24/2019
889,Annadiane Raiston,6,3,2,3,11/25/2019
890,Harmonie Brushfield,5,5,1,1,11/23/2019
891,Marmaduke Zieme,4,3,3,,11/19/2019
892,Aleta McCoveney,3,3,3,0,11/25/2019
893,Lazarus Goldspink,8,5,1,4,11/19/2019
894,Tully Salisbury,4,3,4,4,11/22/2019
895,Shurlocke Vest,4,1,2,0,11/19/2019
896,Roma Mitchard,5,1,2,,11/21/2019
897,Velma Pyle,,2,2,1,11/21/2019
898,Norrie Bruckmann,8,,4,,11/23/2019
899,Jessy Heindl,2,3,,1,11/23/2019
900,Gaylor Penhalurick,3,4,2,2,11/21/2019
901,Vincent Kynton,8,1,3,2,11/22/2019
902,My Qualtro,6,2,,1,11/20/2019
903,Morton Statefield,6,4,,3,11/24/2019
904,Granny Copley,5,2,2,1,11/22/2019
905,Vernor Cloonan,,5,,1,11/23/2019
906,Hinda Goullee,,2,2,2,11/24/2019
907,Derril Mottley,5,,,1,11/25/2019
908,Karina Huddlestone,1,,3,2,11/21/2019
909,Wrennie De Roberto,1,3,2,2,11/20/2019
910,Cally Turk,5,2,2,,11/20/2019
911,Frederique Mowsdale,8,3,2,3,11/25/2019
912,Kit Sifflett,,1,4,2,11/22/2019
913,Jae Chadbourn,8,2,6,,11/22/2019
914,Sheree Effaunt,,0,5,2,11/21/2019
915,Sully Cowhig,7,3,,1,11/22/2019
916,Helge Davis,,,5,3,11/24/2019
917,Hedy Wrightam,5,,4,1,11/24/2019
918,Ritchie Northleigh,9,4,3,,11/24/2019
919,Lurette Maseres,3,1,6,5,11/25/2019
920,Wittie Coggon,,,4,1,11/23/2019
921,Ardelia Brettelle,6,0,,4,11/20/2019
922,Price Padbery,4,1,2,3,11/20/2019
923,Remy Brookzie,3,3,4,2,11/25/2019
924,Rheta Metschke,5,,3,,11/19/2019
925,Broddie Blagbrough,5,2,5,1,11/19/2019
926,Borden Westbury,0,4,,1,11/19/2019
927,Fonz O'Shee,4,2,7,5,11/21/2019
928,Ingelbert Twells,5,5,5,3,11/24/2019
929,Heloise Cocklin,,,,3,11/20/2019
930,Kevina Mallabar,2,3,2,1,11/19/2019
931,Irv Dennison,0,1,,0,11/20/2019
932,Ambros Howison,,3,,2,11/23/2019
933,Fee Mussared,6,3,3,0,11/19/2019
934,Daryn Ferrino,5,6,2,,11/20/2019
935,Libbey Brake,2,0,4,1,11/25/2019
936,Anjela Bjorkan,7,3,5,4,11/23/2019
937,Howard Leatherland,6,1,1,1,11/21/2019
938,Ola Vanne,6,0,2,0,11/21/2019
939,Monti Bruineman,,6,,,11/20/2019
940,Sutherland Cuvley,6,,4,2,11/20/2019
941,Floyd Lambden,8,2,,,11/24/2019
942,Nikita Beaumont,5,4,,,11/20/2019
943,Algernon Henricsson,6,3,5,0,11/24/2019
944,Klara Revan,6,,,1,11/20/2019
945,Elle Overstone,6,,3,3,11/24/2019
946,Nappy Shinton,7,2,,0,11/21/2019
947,Gayleen Blindmann,8,1,3,4,11/25/2019
948,Nolan Matignon,12,,3,,11/24/2019
949,Eziechiele Smaleman,6,2,1,2,11/20/2019
950,Ted Dewdney,,5,,,11/24/2019
951,Dalt Luppitt,,3,4,0,11/22/2019
952,Husein oldey,5,2,,1,11/22/2019
953,Eveleen Fitton,,3,3,3,11/24/2019
954,Lolly Brothwell,5,2,1,4,11/25/2019
955,Aurel Filliskirk,,1,1,1,11/22/2019
956,Josephina Fero,4,3,0,,11/24/2019
957,Katine Simison,6,2,4,2,11/25/2019
958,Danna Stanyforth,5,2,3,2,11/24/2019
959,Sheba Nutman,8,5,,1,11/20/2019
960,Hewett Maher,6,,3,3,11/24/2019
961,Salem Lemmers,6,2,3,0,11/20/2019
962,Elianore Calven,,,5,1,11/25/2019
963,Stavros Tanby,2,,3,0,11/25/2019
964,Rogers Medland,2,3,1,,11/21/2019
965,Emmalee Oxford,5,2,1,3,11/20/2019
966,Kaiser Tear,4,,2,1,11/25/2019
967,Eb Foucher,7,3,2,1,11/20/2019
968,Clarette Twinborne,7,,1,3,11/24/2019
969,Dolorita Rewcastle,5,3,3,3,11/23/2019
970,Torrie Moyes,11,3,,1,11/20/2019
971,Aimil Cosens,,2,0,,11/23/2019
972,Peri Chantree,5,2,4,4,11/23/2019
973,Broddy Craigg,8,3,4,4,11/19/2019
974,Jerrilee Petr,8,3,3,1,11/25/2019
975,Luci Cowell,,,7,2,11/23/2019
976,Stephan Billanie,4,,4,0,11/24/2019
977,Gilbert Josephson,9,2,2,1,11/22/2019
978,Velvet Varga,10,3,,2,11/19/2019
979,Gilemette Jamot,5,3,2,3,11/25/2019
980,Cynthia Stannislawski,,3,1,3,11/25/2019
981,Sarge Cisco,,2,,,11/19/2019
982,Milly Farreil,10,,6,6,11/21/2019
983,Jaynell Lowless,,,5,1,11/21/2019
984,Aurelie Mitten,8,2,2,1,11/25/2019
985,Clarette Coldtart,2,4,3,1,11/23/2019
986,Rip Mulgrew,6,5,4,0,11/25/2019
987,Toni Andersch,3,5,7,,11/21/2019
988,Olympe Brattan,1,2,,2,11/20/2019
989,Peirce Cullinan,3,1,4,2,11/20/2019
990,Cindelyn Nolot,7,,,4,11/19/2019
991,Merv Hallad,2,0,1,,11/23/2019
992,Orelle Neat,4,3,2,3,11/22/2019
993,Germain Scranedge,1,,1,2,11/24/2019
994,Ingram Medlar,,0,7,5,11/21/2019
995,Olive Lacheze,5,,,2,11/22/2019
996,Janella Jaskowicz,6,5,1,3,11/24/2019
997,Manon Guppey,4,3,,5,11/24/2019
998,Melania Fontaine,5,3,6,2,11/20/2019
999,Erina Jewise,3,6,,0,11/20/2019
1000,Lotta Goudy,4,4,1,3,11/25/2019
