id,full_name,date,is_holiday,food_1,food_2,food_3,food_4
1,Lynn Smallridge,1/30/2019,true,,,,2
2,Jasun Satchel,9/10/2019,true,3,0,3,7
3,Legra Lammertz,4/25/2019,false,2,,,4
4,Arlen Ivanyukov,8/22/2019,true,4,0,,
5,Cece Tieman,10/7/2019,false,4,2,,6
6,Andrej Gardner,4/22/2019,true,2,3,3,
7,Patrizia Buey,6/28/2019,false,4,3,3,4
8,Kellby Brosini,10/4/2019,true,,,,4
9,Nappy Shine,11/1/2019,true,4,,3,2
10,Demetrius Tunnicliff,11/18/2019,false,,0,0,5
11,Osborn Everson,3/27/2019,true,7,2,2,5
12,Seth Standring,5/12/2019,true,,,0,
13,Tabina Naisey,12/5/2018,true,,0,1,4
14,Andrej Chartman,5/31/2019,false,2,1,4,
15,Daren Rembrant,4/12/2019,true,,,3,
16,Mayne Dulin,7/13/2019,true,4,,4,
17,Gabriellia Mc Carrick,12/2/2018,false,2,1,,
18,Chevy Klimt,12/15/2018,true,4,6,,
19,Pavla Begg,12/26/2018,false,5,2,4,1
20,Darby McCaster,10/3/2019,false,,,4,5
21,Kilian Jans,2/1/2019,true,4,,,6
22,Morey Gerritzen,8/13/2019,false,3,3,1,3
23,Jeramie Mc-Kerley,3/29/2019,true,3,3,,6
24,Sven Doubrava,4/24/2019,false,1,3,,5
25,Timmi Riccioppo,5/12/2019,false,5,,,3
26,Jacobo Janway,9/6/2019,true,9,1,,0
27,Kaylil Stallebrass,4/17/2019,false,5,1,1,3
28,Shandra Scholling,11/1/2019,false,3,2,,5
29,Quill Musico,3/1/2019,false,4,1,2,
30,Stirling Daniels,11/14/2019,true,3,,4,6
31,Trace Danev,3/13/2019,true,,1,3,3
32,Janet Doody,9/15/2019,false,4,2,4,
33,Ben Aikman,3/17/2019,false,4,,5,2
34,Hastings Fochs,4/22/2019,false,2,0,1,3
35,Ibrahim McQuaide,9/7/2019,true,4,,2,1
36,Manon Culwen,11/18/2019,true,3,,4,5
37,Mervin Klassman,9/17/2019,true,4,,7,2
38,Sheridan Bryant,9/18/2019,true,,,3,4
39,Dniren Soans,8/9/2019,true,,2,4,0
40,Aguistin Core,12/13/2018,false,6,0,4,4
41,Adorne Chellam,1/22/2019,true,2,,4,4
42,Dorolisa Maciaszek,3/24/2019,false,,,,7
43,Jaimie Godbolt,2/7/2019,false,5,3,2,9
44,Jamill Pipping,12/7/2018,true,4,,1,5
45,Redford Walhedd,12/10/2018,false,,,4,1
46,Barney Cristofanini,3/2/2019,false,,1,8,6
47,Benjamin D'Oyly,7/17/2019,true,,,3,1
48,Romonda Penke,6/22/2019,true,2,0,3,
49,Winny Jurzyk,4/12/2019,false,3,1,6,3
50,Rowland Hullbrook,7/18/2019,false,4,1,,
51,Codie Randals,12/19/2018,false,6,1,1,4
52,Aeriel Lusty,6/23/2019,false,,1,,2
53,Vonny Cerman,2/19/2019,false,5,,5,
54,Shaylyn Roberson,7/31/2019,true,,,,3
55,Sada Fisby,2/21/2019,false,5,1,5,
56,Joe Piddlehinton,11/23/2019,false,5,0,,3
57,Meredithe Tabert,2/26/2019,false,5,,3,3
58,Leodora Stapleford,6/18/2019,true,5,2,,5
59,Scottie Domleo,6/23/2019,false,2,,1,3
60,Emalia Cressey,3/31/2019,true,,,2,0
61,Jorge Laird,11/13/2019,true,6,2,6,1
62,Wilona Keohane,4/22/2019,false,,,2,5
63,Doe Dudliston,5/9/2019,true,7,2,3,6
64,Josephine Kytley,3/20/2019,false,8,1,3,
65,Ashlen Munnery,6/2/2019,true,3,2,1,5
66,Linzy Ashfield,3/5/2019,false,5,,,3
67,Kipper O'Scully,12/8/2018,false,0,0,,
68,Merlina Nesbeth,5/22/2019,true,4,,1,4
69,Mauricio Noddings,11/5/2019,false,4,2,,3
70,Phil Phebee,11/4/2019,false,5,3,,5
71,Rriocard Lichfield,12/2/2018,false,3,,3,4
72,Marylou Bugdall,7/21/2019,false,,3,,7
73,Jennica Milham,4/17/2019,true,5,,2,2
74,Darcie Ferne,1/16/2019,true,4,4,,4
75,Marcelline Chart,6/9/2019,false,8,,2,
76,Victor Magovern,1/31/2019,false,4,7,,3
77,Hewie McClelland,3/12/2019,false,4,2,2,0
78,Bird Slyman,10/6/2019,true,5,0,3,2
79,Alisha Stenner,12/6/2018,false,8,4,,
80,Margit Huxstep,3/18/2019,true,4,,1,3
81,Deina Frail,9/11/2019,false,4,0,3,1
82,Normy Riceards,3/22/2019,true,2,,2,3
83,Keeley Andrey,10/31/2019,true,2,1,2,
84,Genevieve Vettore,8/5/2019,false,6,,2,3
85,Madelena Dunridge,9/3/2019,true,,2,9,6
86,Revkah Hadden,3/10/2019,false,,3,3,4
87,Pablo Loomis,6/16/2019,false,5,2,5,6
88,Lorelei Rodgerson,6/12/2019,false,4,0,,7
89,Anna Pinnick,3/1/2019,true,8,1,2,
90,Anet Garvey,2/24/2019,true,4,3,,6
91,Annabelle Borrott,4/24/2019,true,,5,0,
92,Tally Mac Geaney,4/10/2019,false,7,3,1,4
93,Claudell Allman,11/23/2019,true,2,5,3,
94,Annice Eversley,6/28/2019,true,,,,3
95,Nedi Eustice,4/19/2019,true,6,3,5,1
96,Elayne Erbain,7/11/2019,false,4,1,2,4
97,Tyrone Bus,10/5/2019,true,3,1,2,4
98,Dotti Goodbur,4/4/2019,true,3,,5,
99,Shanan Trolley,3/13/2019,false,3,,6,5
100,Marc Crolla,1/12/2019,true,4,5,,7
101,Arturo Kiley,3/8/2019,true,3,5,,5
102,Coriss Craney,10/9/2019,true,6,1,3,4
103,Tye Hedge,11/26/2018,true,,,,4
104,Jabez Lates,4/9/2019,false,2,0,,
105,Orsola Nelsey,6/9/2019,true,,,,3
106,Derrek Bea,5/30/2019,true,6,,2,2
107,Brant Roisen,9/15/2019,false,5,1,4,
108,Lucius MacTerlagh,7/28/2019,true,4,0,2,
109,Yanaton Filimore,9/25/2019,true,3,,5,1
110,Marley Maus,8/22/2019,false,,2,1,
111,Mareah Traise,8/12/2019,true,6,2,1,
112,Sibelle Brusin,10/31/2019,false,3,0,4,3
113,Gabbey Allom,8/10/2019,true,3,,3,6
114,Elfrieda Melin,8/24/2019,true,3,,3,3
115,Sergent Lloyd-Williams,9/8/2019,false,,1,2,
116,Marga Trimme,3/10/2019,false,2,2,2,
117,Joanie Maud,9/3/2019,false,3,3,1,4
118,Dinny Knowles,6/1/2019,false,,3,2,6
119,Nichole O'Scannill,7/24/2019,true,6,1,4,
120,Nomi Rubbens,8/30/2019,true,1,,,4
121,Barnabas Bonin,6/4/2019,false,2,,2,4
122,Earvin MacDermott,6/22/2019,true,0,2,0,3
123,Ruthe Chatainier,11/2/2019,true,4,3,1,6
124,Linoel Fuchs,9/3/2019,false,8,,1,7
125,Mellisa Syncke,4/2/2019,false,,0,,3
126,Arly Enderson,9/25/2019,false,4,,,5
127,Isacco Rickards,9/17/2019,false,,,,3
128,Padriac Liell,2/17/2019,true,5,,1,2
129,Frankie Pesic,1/13/2019,false,2,2,1,2
130,Wendell Fifoot,9/5/2019,false,11,,3,4
131,Nathanil Tenpenny,10/8/2019,true,3,,2,4
132,Kimberlee Gumb,10/27/2019,true,4,,5,4
133,Tito Bruun,1/6/2019,false,4,,,10
134,Dew McCrackan,7/28/2019,true,4,,3,3
135,Worthington Degg,12/29/2018,false,3,1,2,2
136,Trixi Goforth,6/15/2019,true,7,,4,4
137,Sayer Lownie,7/1/2019,true,7,4,3,7
138,Fleming Wohlers,12/2/2018,true,0,1,0,
139,Rosemaria Agglio,12/5/2018,false,8,3,,
140,Fritz Ozelton,8/9/2019,true,,2,2,
141,Carmine Goodanew,4/4/2019,true,7,3,,3
142,Monah Capelin,6/23/2019,true,2,,3,8
143,Ruth Kynvin,7/23/2019,false,2,4,,3
144,Rianon Armer,11/16/2019,true,4,3,4,2
145,Sonya Frawley,6/28/2019,false,1,2,3,
146,Brnaba Rawls,4/30/2019,false,2,,3,2
147,Donnamarie Chander,7/8/2019,true,1,,5,7
148,Hannis McLeod,1/14/2019,true,6,2,2,2
149,Eduardo Baudinot,7/24/2019,true,,2,2,1
150,Keir Brookhouse,11/23/2019,true,,,0,
151,Myrta Hardesty,1/5/2019,false,,0,,2
152,Winnie Riddler,1/31/2019,false,5,,,3
153,Hanny Nana,6/4/2019,false,4,,,1
154,Lukas Colt,9/22/2019,false,2,,,
155,Olly Scoffins,10/12/2019,true,1,4,2,4
156,Genny Francescoccio,1/18/2019,false,6,1,,2
157,Wylma Buckbee,5/12/2019,false,5,1,4,1
158,Tim Stopper,11/1/2019,true,5,4,5,6
159,Fenelia Pavlovic,9/13/2019,false,5,4,,5
160,Patty McCorry,7/30/2019,false,4,1,5,3
161,Alvis Winsley,12/14/2018,false,1,,2,1
162,Carolyne Hearons,8/6/2019,true,6,3,1,1
163,Emmit Abercromby,12/8/2018,true,3,,5,6
164,Sashenka Rosenbusch,2/19/2019,false,5,1,,3
165,Etienne Semmens,2/22/2019,true,,1,,
166,Ike Fielder,9/27/2019,true,3,,4,5
167,Donella Slemming,11/12/2019,true,,,1,
168,Peta Crampton,3/23/2019,false,1,3,0,8
169,Rycca Hallworth,6/29/2019,true,5,,3,
170,Shaylynn Loughnan,9/23/2019,true,6,2,6,8
171,Charmion Plume,4/15/2019,false,6,,2,
172,Cullin Martland,3/8/2019,false,6,1,,5
173,David Jakubowicz,5/11/2019,false,4,,5,2
174,Omero Wingfield,6/27/2019,false,2,1,,
175,Riordan Marie,2/11/2019,true,6,1,,1
176,Gaven Fache,2/8/2019,false,,0,2,5
177,Jodee Laurenz,9/29/2019,true,,2,0,1
178,Hube Baroux,4/14/2019,true,,2,6,3
179,Kirbie Wort,9/19/2019,false,,1,,4
180,Alan Swannell,10/14/2019,false,5,,0,2
181,Webb Piggott,2/19/2019,true,,,1,
182,Letitia Jeandet,9/3/2019,true,6,,,7
183,Allyce Manntschke,10/9/2019,true,,5,,
184,Penelopa Stribbling,1/25/2019,false,2,2,5,1
185,Duky Janu,4/4/2019,false,,,,6
186,Ryley Brighouse,7/23/2019,false,9,2,5,1
187,Lawrence Van Der Walt,3/20/2019,false,6,1,6,7
188,Barnett Harkes,8/11/2019,true,,4,2,5
189,Ida Capstake,10/21/2019,true,3,,,4
190,Tammy Whereat,11/22/2019,false,2,2,,
191,Verene Durtnal,9/25/2019,false,6,3,6,2
192,Ollie Fateley,11/14/2019,false,,,2,
193,Samson Mayger,11/6/2019,true,4,3,,5
194,Zelda Barradell,8/15/2019,true,2,,3,4
195,Maxwell Milkeham,3/7/2019,false,4,5,5,
196,Welbie Vankov,1/27/2019,true,5,4,1,1
197,Guilbert Dumingos,4/5/2019,true,2,0,3,2
198,Marj Keyhoe,4/4/2019,true,2,3,2,4
199,Cliff Andreolli,6/12/2019,false,3,3,,2
200,Boot Shall,1/1/2019,false,4,1,,4
201,Lilly Downing,4/5/2019,true,,,,
202,May Huyche,12/6/2018,false,,,4,7
203,Henrieta La Croce,3/12/2019,false,6,3,2,5
204,Bronnie Mewhirter,9/23/2019,true,3,4,2,3
205,Flo Rohlfs,5/24/2019,false,3,,4,1
206,Nara Pichmann,3/7/2019,true,9,6,,4
207,Valaria Chandler,12/20/2018,false,3,2,4,5
208,Cilka Seaton,10/3/2019,false,6,2,2,2
209,Candy Pardon,8/10/2019,true,4,0,3,2
210,Herman Silliman,6/23/2019,false,6,0,,3
211,Jaynell Konzelmann,10/21/2019,false,6,,1,3
212,Denny Bromfield,1/7/2019,true,4,,,
213,Leone Frearson,5/15/2019,false,3,3,1,6
214,Yuma Marielle,4/21/2019,true,4,,1,1
215,Berget Komorowski,11/22/2019,false,5,,1,
216,Bridie Brentnall,12/6/2018,false,7,,4,
217,Mignonne Haxley,4/17/2019,false,,3,5,4
218,Charline Muat,10/1/2019,false,4,4,,1
219,Wilhelmine Crumpton,6/14/2019,true,5,,,6
220,Charlotta Mishaw,8/26/2019,true,5,,,9
221,Merrile Oliveto,12/28/2018,true,5,5,,3
222,Rex Sandall,3/17/2019,true,,3,3,
223,Kayley Laughlin,3/29/2019,true,,1,,1
224,Burke Clowton,4/21/2019,false,9,1,4,2
225,Gael Goncaves,1/15/2019,false,3,1,3,
226,Lyell Stoyell,7/13/2019,true,5,3,2,
227,Roldan Signori,12/17/2018,true,,1,3,
228,Claudius Francescotti,3/11/2019,true,6,,1,1
229,Conn Dadge,10/5/2019,false,,,,
230,Eolande Kenner,10/4/2019,false,,4,,
231,Cyrillus Church,2/15/2019,false,,3,,
232,Der Banasiak,8/5/2019,false,,0,,5
233,Larine Cross,5/23/2019,false,5,0,1,4
234,Loni Rignold,9/29/2019,true,,,4,4
235,Daven Serjent,10/26/2019,true,,1,2,1
236,Fredrick Rhodus,7/20/2019,true,3,,,3
237,Wendeline Hartright,6/28/2019,false,6,,1,
238,Mead Pala,9/23/2019,false,,,3,4
239,Beau Tortoishell,7/23/2019,true,2,2,1,
240,Odelinda Dilland,4/22/2019,false,2,5,3,2
241,Niall Kassidy,3/25/2019,true,,,3,3
242,Donelle McGinney,1/1/2019,true,,,3,2
243,Lemuel Pietrowicz,3/13/2019,false,2,5,1,7
244,Jillie Danick,4/11/2019,true,6,,4,4
245,Robina McCome,12/7/2018,true,4,,5,2
246,Yank Brear,3/3/2019,true,7,,5,4
247,Davie Murrow,4/15/2019,false,4,1,4,
248,Devland Platt,10/4/2019,false,,1,,6
249,Dion Pettendrich,10/23/2019,true,6,,3,4
250,Averell Bullivent,5/14/2019,true,,0,2,5
251,Essie Walden,10/14/2019,true,5,,,
252,Nanci Vasyatkin,11/4/2019,true,4,,,5
253,Pavlov Krysztofowicz,2/25/2019,false,2,,,2
254,Frants Croci,4/27/2019,false,,4,,
255,Pryce Springett,8/27/2019,false,5,,5,
256,Beverlee Keable,9/13/2019,true,7,,,
257,Giselbert Gowar,4/26/2019,true,,,1,4
258,Carlie Campanelli,6/9/2019,true,4,1,2,
259,Dreddy Yesichev,10/1/2019,false,6,,,4
260,Emelyne Fealy,11/20/2019,true,2,,,6
261,Kimble Maddock,8/4/2019,false,,,2,3
262,Vicky Wehnerr,6/7/2019,false,,4,5,8
263,Arleen Dodgshon,5/28/2019,false,5,0,2,7
264,Heidie Furby,9/11/2019,true,4,4,2,2
265,Jannel Buttel,11/27/2018,false,3,,0,
266,Kienan Baalham,2/3/2019,false,,,2,5
267,Kendre Nears,2/13/2019,true,4,3,,
268,Feliza Irnis,3/31/2019,false,,,,4
269,Ogdan Moralis,3/20/2019,false,,,2,6
270,Wilhelmine Caplin,2/25/2019,false,6,,4,4
271,Chic Happert,12/7/2018,true,,3,2,1
272,Marlyn Pennazzi,4/2/2019,false,,,,1
273,Sherri Showte,2/7/2019,false,,1,1,3
274,Rachelle Leare,6/29/2019,true,4,1,3,
275,Karolina Monteath,4/2/2019,false,10,2,4,6
276,Darryl Haccleton,11/20/2019,false,7,,1,1
277,Dayle Swadling,9/22/2019,false,4,,,
278,Shawnee Wixon,8/2/2019,true,0,0,,6
279,Cash Salzburg,1/12/2019,false,4,,,4
280,Marietta De Clairmont,9/28/2019,false,3,1,6,2
281,Faustina Kimbrough,2/21/2019,false,4,1,,7
282,Ayn Cariss,10/4/2019,true,0,0,5,1
283,Danella McArte,6/23/2019,true,5,,3,2
284,Torey Garcia,3/13/2019,false,3,,3,4
285,Ramsay Roddick,6/12/2019,true,6,3,,
286,Garvy Patise,8/23/2019,true,1,2,4,7
287,Gerty Nattriss,8/29/2019,true,,3,,
288,Illa Pietzke,12/22/2018,true,2,,2,4
289,Brian Moggle,4/22/2019,true,1,,,10
290,Rudolf Kimbell,11/3/2019,false,1,2,3,3
291,Gan Tapp,12/5/2018,true,1,,1,4
292,Jeri Comerford,2/11/2019,true,2,0,3,4
293,Jessy Myrick,8/13/2019,false,7,0,,7
294,Nicolis Wolfendale,12/30/2018,true,3,2,4,3
295,Mason Waeland,11/2/2019,false,,0,4,4
296,Annadiane Francesco,3/21/2019,false,3,0,0,5
297,Lewes Worge,2/25/2019,false,5,,2,5
298,Chariot Struttman,6/10/2019,false,,1,2,5
299,Aldridge Wetherill,11/29/2018,true,6,1,,7
300,Brad Dwyr,11/14/2019,true,4,3,,4
301,Wylie Lefeaver,12/10/2018,true,7,3,,
302,Hyacinthe Towey,11/7/2019,true,1,2,3,3
303,Toma Bolt,7/3/2019,false,5,1,1,5
304,Pammie Haill,2/27/2019,false,6,,2,2
305,Sheryl Pratten,3/17/2019,true,5,2,8,
306,Ailis Tyhurst,5/1/2019,false,,,4,7
307,Crissy Smallpeice,7/6/2019,false,3,,0,6
308,Ezmeralda Paolazzi,1/24/2019,true,,,4,5
309,Tate Omand,3/16/2019,true,2,,2,7
310,Dale Sand,1/5/2019,true,,1,5,6
311,Shantee Crain,4/5/2019,false,4,2,,4
312,Prue Clacey,4/8/2019,false,,3,,5
313,Drake Pellant,2/28/2019,false,0,,,
314,Chlo Klasing,2/26/2019,true,3,,5,4
315,Niles Tubbles,10/27/2019,true,3,,,5
316,Arlen Buttwell,10/12/2019,true,4,2,3,3
317,My Hinge,11/29/2018,true,4,2,4,2
318,Ninon Pellamonuten,5/1/2019,true,7,2,2,
319,Alys Barten,11/20/2019,false,4,2,4,3
320,Nikola Batrip,2/18/2019,false,,3,6,3
321,Margeaux Pariso,12/14/2018,false,2,2,3,
322,Celle Cast,12/28/2018,true,,,2,2
323,Robenia Mebs,4/26/2019,false,,0,1,
324,Bidget Castree,2/27/2019,true,5,,3,3
325,Rebekkah Burdge,1/12/2019,true,4,0,,8
326,Catharine Sturzaker,5/5/2019,true,4,1,1,2
327,Brittani Zottoli,2/15/2019,false,3,2,,6
328,Lexine Gregan,9/17/2019,false,4,0,6,
329,Cazzie Ishchenko,3/8/2019,true,6,,3,6
330,Octavia Gilberthorpe,9/23/2019,false,2,,,5
331,Leshia Blakeney,7/26/2019,true,2,,4,4
332,Kary Benazet,9/1/2019,true,2,4,2,3
333,Georgi Perott,6/5/2019,true,1,1,,2
334,Bobbee Goldingay,11/30/2018,true,1,,1,
335,Christoffer Loghan,9/3/2019,false,2,,7,1
336,Cori Garfitt,9/23/2019,false,5,,3,
337,Hersch Cambden,5/4/2019,true,,0,6,1
338,Gannie Dachey,1/23/2019,true,5,,,2
339,Pierce Somerset,3/30/2019,false,,1,3,
340,Elene Begent,5/22/2019,false,1,2,4,2
341,Salaidh Wakeham,10/28/2019,true,2,,5,9
342,Bengt MacDonogh,12/13/2018,true,3,,,3
343,Valli Trulocke,4/5/2019,false,1,3,1,3
344,Leroi Locket,8/20/2019,false,9,2,,
345,Homer Bresnen,9/20/2019,true,6,0,2,
346,Hadria Dorbin,7/8/2019,false,2,3,,2
347,Lyle Lethcoe,5/29/2019,true,3,3,,2
348,Guenna Darby,4/15/2019,false,,2,2,
349,Andrea Tellenbrok,6/16/2019,false,3,,,6
350,Rhett Du Barry,10/14/2019,false,3,,5,0
351,Julita Ivakhin,2/8/2019,false,2,,,4
352,Fletch Sparey,9/16/2019,true,,1,,5
353,Bogey Morton,12/20/2018,true,5,,3,6
354,Bunnie Flooks,9/26/2019,false,2,,,2
355,Desmond Dyte,12/9/2018,true,6,,3,9
356,Odetta Hebbron,2/20/2019,true,,4,3,2
357,Gail Checketts,11/28/2018,true,1,,0,3
358,Ida Wyleman,7/17/2019,true,3,4,2,2
359,Angil Trenoweth,6/30/2019,true,,,,2
360,Forbes Bakes,8/25/2019,false,5,,,4
361,Nadean Guyver,1/8/2019,false,3,,4,
362,Anallise Gavigan,6/12/2019,false,1,1,,1
363,Arliene Pahler,1/16/2019,false,1,,4,3
364,Lowe Mitton,8/17/2019,false,5,5,,6
365,Katharina McGettrick,3/17/2019,true,6,3,2,1
366,Sascha Tchir,7/15/2019,true,3,,,6
367,Jacquelin Griffitt,8/19/2019,true,6,,3,
368,Ches Hugett,5/30/2019,true,3,,0,8
369,Madelina Lindback,12/7/2018,false,,,2,
370,Moyna Casoni,2/15/2019,false,,1,,
371,Fred Petken,4/20/2019,false,,0,,
372,Beauregard Schuck,12/14/2018,false,5,,3,1
373,Ludovika Ragat,6/8/2019,true,3,2,1,2
374,Jonis Molson,11/22/2019,true,8,,3,4
375,Bernadene Askey,9/14/2019,true,6,3,5,4
376,Dorry Sondon,1/2/2019,false,,,2,
377,Nariko Aldersea,2/13/2019,false,9,3,,
378,Michelina Izatson,7/7/2019,true,4,,4,3
379,Hamid Grayshan,8/15/2019,true,6,,5,4
380,Corrie McGuffog,5/14/2019,true,6,2,,3
381,Drew Cuffley,8/30/2019,false,4,3,,2
382,Rebekkah O' Mullane,9/28/2019,false,7,0,2,1
383,Sol Gleeton,11/8/2019,false,3,2,,
384,Reg Klampk,4/7/2019,false,3,1,1,3
385,Rudolfo Baggs,11/10/2019,true,3,,4,2
386,Emelita Vallentin,8/2/2019,false,8,,1,6
387,Darin Tabor,8/23/2019,true,4,,,4
388,Abagael Clapson,12/5/2018,false,7,0,2,
389,Richardo Espinha,3/20/2019,true,3,1,,4
390,Bridget McGrath,6/22/2019,true,4,1,6,2
391,Retha Lucks,9/15/2019,false,7,1,4,
392,Susanetta Fisbburne,5/5/2019,false,,2,,3
393,Standford Hawkwood,4/13/2019,false,3,0,2,
394,Ninon Philipeaux,10/4/2019,true,2,3,3,
395,Isabelita McEntee,12/22/2018,true,2,,2,
396,Hortensia Chin,7/25/2019,false,,,4,2
397,Lavena Wollacott,9/11/2019,false,,0,5,7
398,Hank MacAne,4/12/2019,true,3,,1,4
399,Esmaria Miebes,4/15/2019,false,6,1,5,4
400,Winifred Landsbury,3/8/2019,false,8,,3,
401,Mela Sandeland,1/30/2019,false,3,,4,2
402,Massimo Linnitt,1/7/2019,true,4,,3,
403,Lesli Poyser,10/18/2019,true,2,,,5
404,Modesta Hundall,4/2/2019,false,9,,1,1
405,Gallagher Bech,4/12/2019,true,,0,2,5
406,Shayne Rabbitts,9/21/2019,true,3,,,7
407,Roxanna Deniseau,1/16/2019,false,7,,1,2
408,Annabel Douglass,6/15/2019,true,,3,,
409,Rustin Ambrosoni,10/4/2019,false,4,0,2,
410,Wake Rider,3/23/2019,true,3,4,3,4
411,Pearl Croxford,12/9/2018,true,5,1,3,6
412,Carolee Stickens,12/1/2018,true,1,,,2
413,Maryl Bullier,6/7/2019,false,5,1,2,
414,Flinn Derr,9/22/2019,true,5,0,3,3
415,Carmon Varndell,3/9/2019,false,6,1,0,3
416,Skyler Feldfisher,12/13/2018,false,10,,0,8
417,Marion Dunge,5/1/2019,false,5,0,7,
418,Phylys Hitzke,8/1/2019,true,,,4,4
419,Robina Rheam,11/20/2019,false,4,2,4,2
420,Alexandr Pinnegar,4/22/2019,false,7,1,3,
421,Janene Szymon,8/30/2019,false,,0,,6
422,Quillan Pigne,11/24/2019,false,3,,2,5
423,Talyah McKane,11/7/2019,true,,0,3,
424,Norry Shepland,3/22/2019,true,5,,,6
425,Carilyn Keppy,12/16/2018,false,2,3,3,
426,Giralda Nano,10/15/2019,false,3,,4,2
427,Crystie Bowler,3/30/2019,true,7,1,0,6
428,Allix Tout,6/20/2019,true,5,3,3,2
429,Sydney Westmoreland,10/17/2019,true,5,0,0,6
430,Fulvia Ware,6/19/2019,true,6,1,1,3
431,Cecil Imlaw,3/18/2019,false,2,,3,4
432,Edan Bonaire,11/8/2019,false,7,3,,6
433,Ellene Newborn,9/3/2019,false,6,,,6
434,Nessi Gatrill,7/30/2019,true,,3,0,
435,Blair Rastall,5/3/2019,true,2,1,4,
436,Godfrey Dominy,2/20/2019,true,2,2,2,1
437,Elmore Scholfield,4/16/2019,true,6,,1,4
438,Eryn Iacovo,1/4/2019,false,,,,4
439,Ivonne Markel,10/10/2019,true,7,,,5
440,Anne-corinne Paddock,2/25/2019,true,5,,2,4
441,Rubetta McKernon,8/13/2019,false,5,3,6,3
442,Jillene Lammenga,8/27/2019,false,7,4,,
443,Brnaba Muirhead,9/18/2019,true,4,2,5,0
444,Lena Hooban,8/8/2019,true,6,,,2
445,Padget Lambarton,10/23/2019,true,5,1,9,4
446,Tessie Olligan,11/20/2019,true,4,1,,
447,Anders Fidgett,7/2/2019,false,5,,3,5
448,Etty Paramore,7/18/2019,false,3,,2,8
449,Ray Cardoe,5/2/2019,true,2,2,2,5
450,Dexter Daskiewicz,1/26/2019,false,4,,4,
451,Aeriell Sorsbie,8/19/2019,false,6,,,5
452,Alverta Sante,9/20/2019,false,5,,,
453,Thomasina Beale,12/1/2018,false,2,3,3,4
454,Winifred Whitcomb,11/25/2019,true,,1,6,4
455,Henrietta Hubbucke,2/24/2019,false,6,,0,3
456,Rafaello Topp,6/16/2019,false,,,3,3
457,Sherrie Yousef,12/14/2018,true,4,,2,
458,Margareta Dunbobin,7/10/2019,false,5,,,10
459,Tyne Bosma,4/9/2019,true,2,3,0,
460,Filbert Petrik,3/1/2019,true,6,1,,3
461,Pepillo Okell,2/28/2019,true,,,3,4
462,Daile Jacobbe,12/16/2018,true,4,0,5,7
463,Inger Pugh,8/12/2019,true,,1,,7
464,Minor De Vaan,1/11/2019,true,7,,2,
465,Alvinia Smallcomb,10/13/2019,false,4,,2,4
466,Aloin Dumphries,6/19/2019,true,2,1,3,4
467,Edgardo Brito,6/21/2019,false,5,5,,
468,Krishnah Marguerite,1/21/2019,false,7,0,,4
469,Malanie Scneider,10/23/2019,true,,,3,9
470,Neill Clarkson,1/17/2019,true,4,1,,8
471,Magda Burdus,4/16/2019,true,8,,,2
472,Allianora Brookton,8/17/2019,false,2,,,5
473,Clay Wyborn,12/9/2018,true,4,,,3
474,Paulette Reinhardt,3/1/2019,false,6,,,
475,Emmeline Scolland,8/20/2019,false,3,3,,5
476,Tami Woofendell,4/4/2019,true,4,,,3
477,Norma Vanyutin,10/9/2019,false,5,,1,2
478,Amargo Clampton,5/28/2019,false,2,1,4,2
479,Eddy Cochran,6/4/2019,true,9,,,1
480,Falkner Stuckow,7/11/2019,true,4,3,1,3
481,Olav Dulanty,5/11/2019,false,6,,,
482,Bryant Pennycuick,6/12/2019,false,5,6,1,
483,Clem Beringer,8/30/2019,true,,1,3,5
484,Rudyard McKew,11/10/2019,false,3,2,5,5
485,Pattin Hawler,6/11/2019,false,5,,4,
486,Royce Rodell,1/22/2019,false,5,0,2,4
487,Daria Wrey,11/1/2019,false,,2,3,3
488,Hashim Izzatt,1/30/2019,false,,1,1,2
489,Phylys Impy,1/26/2019,true,,,2,
490,Chelsae Beade,11/23/2019,false,,1,1,
491,Oralee Greensmith,2/11/2019,true,2,,2,4
492,Mildrid Coppins,4/22/2019,false,,,1,4
493,Mart Kalf,11/9/2019,true,,1,3,
494,Antonio Cardenoso,8/26/2019,false,3,,1,8
495,Goldi Highway,1/11/2019,false,7,1,,
496,Rozina Rodger,2/3/2019,true,3,1,2,
497,Stafford Olkowicz,1/23/2019,true,2,0,,3
498,Benyamin De Bischop,7/14/2019,false,,,,3
499,Gallard Steely,11/9/2019,true,,,,7
500,Stephenie Jakaway,7/21/2019,true,5,3,,4
501,Carley Dowle,12/3/2018,false,1,0,3,
502,Stanislaus Cleatherow,11/27/2018,false,7,,0,
503,Blythe Huitson,10/21/2019,true,5,3,4,2
504,Teddie Hazard,6/18/2019,false,8,1,4,4
505,Aloysia Rumbellow,6/29/2019,false,3,1,,
506,Birgit Clinkard,7/9/2019,false,3,,4,
507,Alina Louys,7/6/2019,true,,0,,2
508,Osmond Albone,9/24/2019,true,,,3,
509,Minda Retter,1/6/2019,true,2,,4,
510,Mellie Laing,4/29/2019,true,6,2,3,
511,Caroline Doust,8/10/2019,false,,3,3,4
512,Laughton Gelder,11/17/2019,false,,3,,
513,Daryle Gymblett,4/28/2019,false,,,4,2
514,Gilbertina Hansen,5/24/2019,false,9,0,,7
515,Eduino Cremin,4/6/2019,true,5,2,3,
516,Lynda Hatherill,7/28/2019,true,4,,,5
517,Brooks Garatty,7/20/2019,true,6,2,,1
518,Nina Hansom,5/18/2019,true,4,,8,5
519,Katharina Pilger,3/12/2019,false,6,,6,2
520,Marleen Ioselevich,3/16/2019,true,4,,,6
521,Judon Grist,4/28/2019,false,4,,,3
522,Sandro Baytrop,4/29/2019,false,,1,4,4
523,Boone Upstone,11/28/2018,true,,0,3,7
524,Baudoin Bakesef,2/3/2019,false,10,,3,
525,Jephthah Corbridge,4/18/2019,false,2,3,3,
526,Aubrie Attrey,9/21/2019,false,,2,6,6
527,Gabby Ciccone,11/4/2019,true,4,,1,5
528,Tadd Weeden,3/23/2019,false,3,,6,8
529,Dulciana Lepope,8/4/2019,true,4,2,1,3
530,Clay Marini,7/20/2019,false,1,,,2
531,Christyna Hendrickx,10/16/2019,true,6,0,,3
532,Britta Vanderplas,9/15/2019,true,1,,1,2
533,Blinnie Marages,2/17/2019,false,6,1,5,
534,Mohandas Copes,4/10/2019,false,9,,1,2
535,Dorena Tredinnick,7/4/2019,true,,0,4,
536,Orson Witcombe,8/3/2019,false,,1,1,9
537,Jeff Jerrold,2/8/2019,true,,1,1,7
538,Constantin Scutchings,9/24/2019,true,7,1,3,4
539,Demetris Gethins,8/23/2019,false,4,2,4,6
540,Averill Mangin,8/9/2019,true,7,,,
541,Juli Telford,3/18/2019,true,3,,,3
542,Roch Halwill,9/22/2019,false,6,1,,
543,Jo-anne Raithmill,5/13/2019,true,5,1,2,6
544,Ursola Gabrieli,8/4/2019,false,6,1,,
545,Irwin Goligly,6/25/2019,true,,,4,4
546,Tarrance Buie,4/18/2019,false,2,0,,2
547,Mirilla Fensome,7/22/2019,false,4,3,1,8
548,Lenna Macias,1/3/2019,false,1,2,4,
549,Suzi Aylesbury,5/28/2019,true,1,2,1,4
550,Currie Davidou,6/10/2019,true,5,,,
551,Maribel Fenimore,5/10/2019,false,5,3,4,9
552,Richart Montgomery,4/7/2019,false,4,3,5,2
553,Dud Dermot,4/30/2019,false,,1,7,4
554,Keri Heffron,5/23/2019,true,1,,0,
555,Hortensia Childerhouse,8/17/2019,false,4,,5,2
556,Marylou Bonnaire,4/12/2019,false,3,,1,2
557,Chevy Vanes,12/11/2018,false,4,3,4,2
558,Aliza Lorimer,6/8/2019,false,4,,1,
559,Jorry Shovel,2/14/2019,false,5,,,
560,Harp Staton,10/11/2019,true,,3,5,5
561,Tedmund Todarini,3/29/2019,true,4,,4,3
562,Jeniffer Yaknov,6/4/2019,false,3,,0,5
563,Jens Larmor,11/8/2019,false,6,3,2,
564,Rutledge Petrushanko,8/10/2019,true,3,2,,2
565,Ileane Ruckhard,1/6/2019,false,,4,3,
566,Michal Pedroni,3/21/2019,false,4,1,1,
567,Reena Dulson,11/25/2019,false,2,,,
568,Eben Lydford,12/17/2018,false,2,,,3
569,Kristan Kienle,6/27/2019,true,0,,1,
570,Herta Wickersley,5/22/2019,true,8,,4,
571,Breena Todeo,7/20/2019,true,,4,4,5
572,Chad Heiss,12/6/2018,true,6,,3,2
573,Astrix Lawden,10/8/2019,true,3,,,
574,Constantin Birkett,1/21/2019,true,4,3,2,8
575,Dulcy Higford,4/27/2019,true,2,2,6,4
576,Carlye Fusco,5/27/2019,true,,1,1,
577,Montague Surplice,10/6/2019,false,5,3,7,2
578,Alister Hassekl,11/1/2019,true,8,,3,4
579,Orion Walesa,11/4/2019,false,2,5,1,
580,Reid De Bruijn,1/27/2019,true,2,,,
581,Trueman Parish,12/4/2018,true,,1,6,
582,Claretta Pierrepoint,1/15/2019,false,6,4,3,3
583,Regan McWhan,6/21/2019,true,4,3,1,
584,Mada Dunguy,3/23/2019,false,0,1,5,2
585,Haley Sotheby,3/20/2019,false,3,,3,
586,Collette Trodler,11/18/2019,false,2,2,1,6
587,Helga Gusticke,10/22/2019,true,8,1,4,6
588,Jon Meaddowcroft,11/18/2019,true,,1,,6
589,Jinny Jocic,1/11/2019,false,8,,3,5
590,Auberta Snoxall,8/19/2019,true,5,,2,5
591,Daffy Allright,12/10/2018,true,3,,4,
592,Seymour Cucuzza,11/15/2019,false,5,2,,1
593,Karita Sandwith,4/11/2019,false,4,5,,4
594,Dollie Ricci,6/16/2019,false,4,2,,8
595,Vivie Yorkston,8/25/2019,false,4,2,7,6
596,Inness Holtum,5/4/2019,true,5,1,3,7
597,Shayna Issakov,11/10/2019,true,,0,2,4
598,Brock Hechlin,11/1/2019,true,,1,,7
599,Tait Gallifont,5/27/2019,false,6,3,,3
600,Duffie Handmore,4/19/2019,true,3,,,11
601,Laurena Hansbury,2/3/2019,false,4,2,4,6
602,Kyrstin Piquard,11/12/2019,true,,3,,5
603,Chantalle Corre,10/10/2019,false,,0,2,
604,Kettie Carluccio,7/2/2019,false,4,2,4,5
605,Marnie Bignell,1/20/2019,true,1,3,0,
606,Thorvald Rosenbloom,3/2/2019,false,5,1,,6
607,Conney Lichfield,4/30/2019,false,2,0,,5
608,Latrina Wooller,1/27/2019,true,5,1,2,2
609,Kameko Sevin,12/18/2018,true,,0,4,5
610,Gamaliel Kee,2/23/2019,false,8,2,2,3
611,Broddy Van Arsdale,6/4/2019,false,2,1,,5
612,Isidor Dickey,12/26/2018,true,7,,4,2
613,Jayson Kilmaster,10/23/2019,false,3,1,,
614,Filippa Glavias,7/21/2019,true,2,0,4,3
615,Cosette Pidler,10/23/2019,false,5,,,3
616,Kimbell Wiffler,1/9/2019,false,6,2,,4
617,Lon Saltmarshe,8/14/2019,true,,3,7,
618,John McNeilley,10/22/2019,true,,,,10
619,Helene Stubbes,2/7/2019,false,4,,4,2
620,Michele Beteriss,3/17/2019,false,3,1,,6
621,Marybeth Maskelyne,7/11/2019,false,4,2,3,3
622,Jarrod Cornels,10/8/2019,true,5,,,4
623,Farlee Flew,8/30/2019,true,,,1,1
624,Fields McGaugie,8/11/2019,false,6,2,3,3
625,Murvyn Strute,9/4/2019,false,5,1,,5
626,Berrie Dungay,9/1/2019,false,2,4,,7
627,Jennifer Abram,11/29/2018,true,3,3,8,4
628,Gearalt Steadman,8/19/2019,true,,2,2,2
629,Serena Dutchburn,8/1/2019,true,10,,2,
630,Minna Grasha,9/13/2019,true,1,2,2,7
631,Kassandra Allin,2/8/2019,false,3,1,3,
632,Elise Stang-Gjertsen,2/14/2019,false,4,1,3,3
633,Vivian Kensington,10/7/2019,false,3,2,4,4
634,Russ Darinton,5/29/2019,false,7,2,2,1
635,Inge Giraldo,2/28/2019,false,5,0,1,
636,Kylie Beatty,5/25/2019,true,6,,2,
637,Sayers Yeowell,1/8/2019,true,,,,5
638,Carter Engelmann,8/7/2019,false,4,2,1,
639,Calvin Pealing,9/15/2019,true,6,1,4,5
640,Allys Kuhwald,11/2/2019,false,5,,,1
641,Massimo Dufour,8/16/2019,false,2,,,
642,Kin Dobrovolny,10/23/2019,true,2,,,
643,Avery Chieze,12/18/2018,true,2,4,6,
644,Haily Callister,3/12/2019,true,3,1,5,7
645,Justen Bonhomme,4/15/2019,false,,3,2,5
646,Nikki Shenton,7/2/2019,false,5,,2,
647,Toma Eisig,11/22/2019,false,4,,,4
648,Barbe Flacknell,10/26/2019,false,4,0,1,4
649,Jules Gibby,6/6/2019,true,2,1,,0
650,Maribeth Beteriss,12/6/2018,true,4,,2,4
651,Darb Pane,12/28/2018,false,,6,0,7
652,Jason Alday,5/21/2019,false,,2,3,5
653,Marta Overshott,2/9/2019,false,2,0,,4
654,Pavlov Gullberg,1/22/2019,true,5,,,5
655,Lorne Gelland,8/10/2019,false,3,,4,3
656,Blondie Kuhnke,3/23/2019,true,4,5,3,3
657,Gale Topliss,2/15/2019,true,2,,3,6
658,Dionysus Dungate,8/14/2019,false,2,3,7,6
659,Seth Rutherfoord,4/22/2019,true,,2,2,
660,Horacio Heyward,9/7/2019,false,5,1,0,
661,Dagmar Maddison,3/18/2019,false,,2,3,2
662,Olympe de Aguirre,2/4/2019,true,4,2,4,3
663,Corrina Swarbrigg,4/11/2019,false,,0,3,6
664,Taffy Surcombe,1/5/2019,true,4,4,3,7
665,Timmie Barks,12/2/2018,true,5,3,,6
666,Cecily Tremayle,8/16/2019,true,2,1,4,4
667,Caralie Barbery,6/15/2019,true,0,,1,4
668,Xylina Stovine,7/3/2019,false,5,1,3,7
669,Danna Gregory,12/12/2018,true,7,2,3,
670,Charlie Archell,3/18/2019,false,2,,,
671,Grata Boise,10/28/2019,true,3,2,0,3
672,Octavia Stockill,1/20/2019,true,3,4,4,
673,Mina Persehouse,12/25/2018,true,2,,5,5
674,Alanna Desport,10/1/2019,true,2,1,4,4
675,Yvon Ruzek,9/10/2019,false,7,,1,2
676,Karlie Chalmers,6/7/2019,true,4,1,5,5
677,Isabella Chellingworth,8/22/2019,true,5,,5,3
678,Eli Hillan,1/10/2019,false,2,,4,
679,Dorice Bateup,9/13/2019,true,5,,,6
680,Evangelina Ervine,1/5/2019,false,,2,4,2
681,Errick Radmore,10/7/2019,false,1,3,4,7
682,Diane Birchner,1/27/2019,false,1,2,4,6
683,Bowie Arends,12/3/2018,true,7,,,3
684,Ashli Aberdalgy,12/3/2018,true,6,0,3,3
685,Dorthy Sanbrooke,8/6/2019,false,5,1,4,4
686,Dania Skerrett,7/13/2019,false,2,,4,4
687,Aila Andreou,12/15/2018,false,2,,4,5
688,Chucho Goodings,1/13/2019,false,1,,4,
689,Estrellita Teligin,8/14/2019,false,3,0,4,4
690,Nathaniel Eveleigh,3/14/2019,false,,2,4,6
691,Georgetta Seger,11/4/2019,false,2,3,,1
692,Claudell Josephov,5/30/2019,false,3,2,0,
693,Joni Gaspard,1/7/2019,true,4,,5,3
694,Teodoro McVitty,2/21/2019,false,6,1,6,
695,Evelyn Cowden,5/23/2019,true,6,3,,
696,Erina Eriksson,11/18/2019,false,5,,2,4
697,Linda Dencs,8/23/2019,true,1,,1,9
698,Lila Dellenbrok,4/23/2019,false,4,,,1
699,Frederick Arbor,11/14/2019,false,5,4,2,
700,Marinna Heathcoat,9/12/2019,false,7,,2,6
701,Junina Privett,11/23/2019,false,2,1,,
702,Ronnica Bahl,11/21/2019,false,4,,6,
703,Dickie Gladding,4/8/2019,true,4,1,8,9
704,Xerxes Oager,7/8/2019,true,3,4,2,3
705,Gaylene Bernadon,10/10/2019,true,3,,2,4
706,Isak Trineman,9/3/2019,false,3,1,5,6
707,Rosa Gripton,11/14/2019,false,,1,,6
708,Fiann Paddock,9/20/2019,true,7,,,6
709,Mireielle O'Ruane,4/14/2019,false,4,3,,3
710,Patric Hayhurst,1/18/2019,false,6,,4,3
711,Edy Gubbin,5/15/2019,true,4,1,5,6
712,Madelon Brookwood,1/16/2019,false,6,,3,
713,Kayla Witchalls,12/15/2018,false,5,1,3,4
714,Althea Claibourn,9/20/2019,false,7,,3,2
715,Cob Lydiard,8/10/2019,true,12,2,6,7
716,Rois Pidon,5/4/2019,true,6,2,1,5
717,Natty Scates,12/12/2018,false,,,3,2
718,Maxine Panner,5/10/2019,false,5,,3,3
719,Jillie Duddle,12/7/2018,true,3,2,1,3
720,Allin De Castri,6/19/2019,false,1,3,6,2
721,Anya McGuirk,5/22/2019,false,3,,0,8
722,Siana Coverly,4/27/2019,true,,,2,1
723,Aline Roll,12/1/2018,true,7,1,,
724,Giana Dallosso,1/17/2019,true,1,4,6,4
725,Dorian Jerman,1/9/2019,false,9,3,1,5
726,Christoforo Novakovic,7/13/2019,false,,,6,4
727,Shayna Ranklin,8/25/2019,false,6,0,1,7
728,Bartel Tabourier,6/19/2019,false,5,1,3,6
729,Nikita Bolver,3/12/2019,false,4,,2,
730,Luisa Leggott,4/14/2019,false,4,1,4,
731,Meg Amberg,1/8/2019,false,1,3,,2
732,Malcolm Bayston,11/25/2019,false,5,,,
733,Ingra Setterfield,2/26/2019,false,1,2,6,
734,Debor Birchett,1/25/2019,true,2,,4,2
735,Rosina Stayte,5/27/2019,false,2,2,2,
736,Orelee Gard,1/23/2019,false,6,,5,1
737,Giuditta Verdey,10/12/2019,true,,2,6,5
738,Ilsa Cockayme,6/22/2019,false,7,,2,5
739,Clarke Bloy,3/1/2019,false,4,,,5
740,Ruthy Eiler,3/8/2019,true,6,2,,4
741,Prentice Simpkiss,1/6/2019,false,3,5,2,
742,Crystal De Minico,12/6/2018,false,2,,6,
743,Palmer Linning,2/10/2019,false,,,4,
744,Ginnifer Gawkes,8/14/2019,false,4,1,,
745,Booth Chesher,9/4/2019,false,9,3,3,4
746,Rainer Fisbey,7/3/2019,false,2,,1,5
747,Jeana Gerger,9/20/2019,false,1,1,3,2
748,Kaleb Kleisel,10/15/2019,false,,,3,5
749,Dacie Gerretsen,10/31/2019,false,4,,6,4
750,Gilberta Ranking,4/11/2019,true,,,2,7
751,Merrie Rowth,12/30/2018,false,1,,,2
752,Mureil Milesap,2/21/2019,false,,2,,0
753,Jarad Brighouse,1/2/2019,true,6,1,,2
754,Roz Tandey,9/3/2019,false,5,2,4,6
755,Logan Ashpole,10/21/2019,true,6,4,3,4
756,Hugibert Rearie,11/3/2019,true,7,3,4,4
757,Calla Sokill,9/29/2019,true,,1,4,9
758,Ynes Mangenot,11/20/2019,false,3,5,3,
759,Reginald Ponder,6/13/2019,false,5,1,,6
760,Torey Cushelly,8/12/2019,false,3,1,,5
761,Cilka Goulborne,2/3/2019,true,4,2,,4
762,Brice Kohlerman,5/28/2019,false,2,3,2,5
763,Sharia Baukham,11/15/2019,false,3,2,,7
764,Loy Labat,5/24/2019,false,5,,3,4
765,Vale Masic,3/2/2019,true,4,2,2,5
766,Happy Bruinsma,1/30/2019,true,4,4,,2
767,Ludwig Dance,2/13/2019,true,4,0,4,4
768,Ferdinanda Petican,5/6/2019,true,3,2,,4
769,Vite Tonks,12/10/2018,true,3,2,,3
770,Cyb Harvie,1/1/2019,true,7,3,2,0
771,Rafferty Kaine,1/20/2019,false,7,0,6,
772,Dun Merle,10/7/2019,false,,,3,3
773,Mahalia Dran,12/5/2018,false,,,,2
774,Pippy Muldownie,6/11/2019,false,3,0,3,7
775,Mattheus Hovey,1/10/2019,false,3,2,2,7
776,Avery Catterall,9/26/2019,true,4,3,4,3
777,Odell Bimrose,12/26/2018,false,9,3,1,2
778,Wadsworth Ferry,9/15/2019,false,7,1,,
779,Xerxes Shallow,1/22/2019,false,,,0,
780,Kirsten Megson,6/15/2019,false,,,0,2
781,Mikey Jager,3/8/2019,false,3,,,3
782,Tammy McOrkil,10/7/2019,false,,4,5,5
783,Bibbye Bytheway,10/6/2019,false,,3,4,
784,Keith Nail,9/29/2019,false,,0,6,
785,Aldin Cossom,5/3/2019,true,,1,0,9
786,Rowland Doswell,10/5/2019,false,2,,,3
787,Oralie Gush,3/18/2019,true,5,0,,
788,Gael Pyrton,6/16/2019,true,0,2,1,5
789,Zabrina Tanguy,11/12/2019,true,3,2,3,3
790,Riki Kuna,8/27/2019,false,6,,,5
791,Ilsa Kilby,10/26/2019,true,3,,,2
792,Catina Watmore,7/6/2019,false,1,2,3,7
793,Fransisco Grevel,4/19/2019,true,2,,4,3
794,Missy De Atta,4/19/2019,true,6,,3,3
795,Faythe Montacute,12/14/2018,false,2,2,5,
796,Margarette Buzine,8/16/2019,true,4,2,,6
797,Gualterio Feldhorn,11/26/2018,false,5,,,6
798,Gram Gilbard,6/13/2019,true,,2,4,2
799,Nolly Madge,7/5/2019,true,4,4,,
800,Arlette Attenborough,3/2/2019,true,1,,4,3
801,Elnora Fagge,4/19/2019,true,0,,1,
802,Halsy Peirazzi,5/10/2019,true,,,2,2
803,Laural Osbourne,3/31/2019,false,,2,,3
804,Minni Wintringham,5/31/2019,false,4,2,4,
805,Agnes Nelle,1/3/2019,false,2,2,1,
806,Alvinia Devine,11/18/2019,false,,,,1
807,Perrine Heinemann,3/15/2019,false,4,1,,
808,Vance Kilborn,7/3/2019,false,3,1,2,
809,Gunter Goudard,4/17/2019,false,5,,,5
810,Allayne Scantleberry,7/13/2019,true,9,,2,2
811,Edythe Boatswain,7/23/2019,false,4,,5,1
812,Stevana Ivashov,12/23/2018,false,5,1,0,
813,Franny Capper,12/5/2018,true,3,1,2,
814,Kristos Landsborough,12/19/2018,false,6,,,3
815,Ilise Tulloch,6/5/2019,true,3,,,
816,Miguela Keigher,6/13/2019,true,3,,1,
817,Marina Soldan,1/26/2019,false,1,,3,6
818,Maribeth Panther,11/21/2019,true,3,,5,
819,Conny Benasik,7/15/2019,true,,3,3,3
820,Britt Ivakhin,5/16/2019,false,,,,4
821,Helaine Patridge,1/21/2019,true,,,3,3
822,Jason Rangeley,9/29/2019,true,4,3,2,3
823,Kit Bossingham,11/28/2018,false,5,4,3,1
824,Chandra O'Reagan,1/21/2019,false,0,,1,
825,Brandice Seligson,2/26/2019,true,2,1,,
826,Sophey Apark,12/18/2018,false,3,,1,2
827,Michele Fearney,12/22/2018,false,4,,2,2
828,Colline McCarry,12/27/2018,false,11,3,,2
829,Abrahan Jantot,12/14/2018,false,3,1,3,0
830,Lois Handrok,10/12/2019,false,4,3,,3
831,Issie Echallie,5/4/2019,true,,,3,5
832,Alic Fleay,11/7/2019,false,2,,0,8
833,Nikita Dawton,9/21/2019,false,5,2,2,
834,Michelina Jobes,8/2/2019,true,5,,2,7
835,Shandie Thacke,4/16/2019,false,5,0,,3
836,Abigael Shorthouse,9/14/2019,false,4,,,5
837,Jo ann Andreaccio,12/23/2018,true,6,3,1,5
838,Basile Keene,2/21/2019,true,0,,,5
839,Niles Wrixon,10/3/2019,false,3,,2,
840,Sheena Davidy,4/2/2019,false,5,3,4,4
841,Jefferey Milstead,11/17/2019,false,4,,4,5
842,Keri Attenbarrow,7/16/2019,true,,2,2,3
843,Sephira Dimitresco,2/21/2019,true,,1,4,5
844,Talbot Keynd,8/30/2019,false,3,2,2,6
845,Bancroft McAline,4/16/2019,true,,3,2,5
846,Erskine Pinchen,9/21/2019,true,,4,5,
847,Chick Epps,2/21/2019,false,2,,,5
848,Ros Eadie,2/26/2019,true,3,,2,6
849,Raul Gearing,2/22/2019,true,3,,2,3
850,Marni Soppeth,12/2/2018,true,,,,
851,Teador Pedley,1/18/2019,true,2,3,2,1
852,Concettina Kubacek,12/27/2018,false,4,,,3
853,Ulric Maxweell,1/5/2019,false,5,3,2,
854,Renaldo Tombleson,3/10/2019,true,8,2,2,4
855,Estelle Beig,3/29/2019,true,6,1,7,
856,Debor Leamon,10/26/2019,false,2,,2,3
857,Rutger Ogborne,5/1/2019,false,2,3,,5
858,Otto Martignoni,10/22/2019,false,2,1,4,1
859,Ardyce Seven,11/28/2018,false,0,,,2
860,Jeth Kinsley,12/14/2018,false,,2,2,3
861,Shanda Gettone,9/7/2019,true,2,,,3
862,Nealson Jefford,11/25/2019,true,,4,5,
863,Parrnell Ellif,1/15/2019,false,,0,3,5
864,Gabie Atmore,8/11/2019,false,8,,6,
865,Temp Crucitti,6/13/2019,true,3,3,6,0
866,Thor Newlin,3/9/2019,true,3,0,1,
867,Fernanda Jovanovic,10/10/2019,true,5,,,6
868,Consuela Backshall,6/29/2019,true,,5,,0
869,Lida Golder,7/10/2019,false,4,,1,
870,Hoyt Itschakov,1/22/2019,true,3,1,5,
871,Shaun Kingsland,8/6/2019,true,3,,,4
872,Nola Chisolm,2/7/2019,false,3,0,3,
873,Chrystel Grishukhin,2/26/2019,true,3,2,5,6
874,Stevie Cartwright,6/26/2019,true,3,,,6
875,Ariela Drennan,4/26/2019,false,,,3,
876,Daisy Lindbergh,12/14/2018,true,8,2,6,
877,Christoffer Smullen,7/6/2019,false,,3,5,
878,Lonee Dicker,7/18/2019,true,2,,,
879,Babbie Giddens,8/3/2019,false,1,3,,5
880,Fina Omand,1/16/2019,true,3,2,0,2
881,Sayre Brosch,5/6/2019,false,5,1,3,4
882,Vivie Leuty,1/19/2019,false,,1,,2
883,Saw Chastey,5/17/2019,false,3,,4,6
884,Mart Brunon,2/25/2019,true,5,3,0,2
885,Chance Fullstone,6/23/2019,true,3,,6,5
886,Cleo Abry,6/9/2019,true,3,1,,6
887,Candace Hallifax,7/4/2019,true,5,1,1,
888,Berny Mundee,1/1/2019,true,4,2,,
889,Pattie Rushsorth,6/25/2019,true,6,,7,6
890,Morissa Goford,8/31/2019,false,0,3,1,
891,Randie Bachshell,5/15/2019,true,5,,,4
892,Kent Saiens,7/29/2019,true,5,2,6,
893,Willey Jancy,9/29/2019,false,3,,2,
894,Saunderson Charle,7/25/2019,false,6,,4,7
895,Bard Karlicek,3/2/2019,false,,0,,3
896,Deane Klejna,7/8/2019,true,5,5,3,4
897,Mela Bulward,4/12/2019,false,3,2,2,1
898,Misty MacCaffrey,4/28/2019,true,4,1,,5
899,Patsy McKinty,8/28/2019,false,1,5,2,2
900,Ephrem Mityashev,8/28/2019,false,4,,,
901,Cherrita Dono,4/22/2019,false,5,1,5,
902,Mable Silley,12/18/2018,true,0,5,2,7
903,Kiel Aindrais,11/27/2018,false,2,2,3,10
904,Carlota Mandrier,12/17/2018,false,,,,
905,Jacinda Spyby,6/28/2019,true,5,,5,6
906,Dominica Allsupp,3/30/2019,true,,,,5
907,Park Riseborough,12/15/2018,true,8,,1,
908,Nehemiah Mullins,6/9/2019,false,4,,1,
909,Wilfred Wherrit,3/23/2019,false,,,0,3
910,Dotty Brookwood,12/25/2018,true,4,2,,6
911,Ravi Newbury,10/17/2019,false,3,3,,
912,Tris Dockreay,1/22/2019,false,,1,2,6
913,Zilvia Whorlow,4/27/2019,false,,,7,1
914,Elmore Lichfield,11/24/2019,true,2,1,,3
915,Gregory Arnaud,4/9/2019,true,3,,2,4
916,Stuart Stollenhof,6/1/2019,false,3,3,2,6
917,Wilone Bellew,8/8/2019,true,2,2,,
918,Spenser Divis,9/25/2019,false,7,0,2,8
919,Bartram Carnell,6/14/2019,true,4,1,4,3
920,Kamilah Feechan,7/8/2019,false,,2,,3
921,Aimee Boundy,10/7/2019,false,3,2,,3
922,Goddard Krysztofiak,7/25/2019,false,2,,,
923,Harrietta Mapplethorpe,1/8/2019,true,5,,,5
924,Rose Everly,12/17/2018,true,3,4,0,
925,Elyn Wayland,10/22/2019,true,,2,3,
926,Dalis Stoffersen,1/20/2019,true,,,1,7
927,Kriste Siseland,12/23/2018,false,2,,4,6
928,Tricia Bastock,2/9/2019,false,5,2,4,
929,Luther Norsworthy,10/15/2019,false,3,1,2,3
930,Judy Skalls,11/19/2019,true,,1,2,5
931,Davidde Raffan,3/31/2019,true,3,3,,
932,Bernhard Saing,6/15/2019,false,4,3,,4
933,Edythe Holburn,10/27/2019,false,,0,7,
934,Marion Alfonsetto,3/12/2019,true,3,0,1,
935,Chrissie Willicott,12/25/2018,false,3,3,4,4
936,Maribeth Ludovico,11/20/2019,true,6,3,5,2
937,Morton Nutt,4/30/2019,false,5,,7,
938,Quent Dignam,9/21/2019,true,7,3,3,1
939,Tull Wormleighton,8/16/2019,true,2,,,5
940,Lynsey Ranklin,10/16/2019,true,4,4,0,2
941,Magda Bywater,5/21/2019,false,6,,,2
942,Cynthy Hurle,12/19/2018,false,6,,3,2
943,Debby Safell,6/22/2019,false,,3,,3
944,Dory Barmby,5/6/2019,false,1,4,1,6
945,Cello Satterlee,11/26/2018,false,7,0,3,3
946,Laurens Hardman,12/8/2018,true,3,0,5,2
947,Shepard Wraith,6/12/2019,false,8,1,5,6
948,Netti Freebury,2/10/2019,false,6,3,4,8
949,Salaidh Litster,2/7/2019,true,4,2,2,
950,Jodie Piet,8/17/2019,false,7,4,,2
951,Reilly Pretor,6/3/2019,true,,1,,1
952,Tomasina Fryer,5/24/2019,true,1,0,,3
953,Cindelyn Turrill,12/29/2018,false,,,,3
954,Julie Orteau,3/7/2019,false,3,,,4
955,Belicia Robathon,7/5/2019,true,,1,4,4
956,Cornelius Stubbs,8/22/2019,false,3,4,,
957,Any Pollastrone,3/6/2019,false,,,3,0
958,Devonne Edinburough,11/7/2019,false,3,,2,2
959,Imojean Bouch,8/29/2019,true,2,,,2
960,Drusilla Weildish,5/21/2019,false,3,,2,6
961,Carri Sawkins,3/25/2019,false,3,,,1
962,Kerri Stanesby,2/19/2019,false,0,4,7,3
963,Cesar O'Hingerty,11/13/2019,false,5,1,3,
964,Henrie Theyer,9/2/2019,true,,4,,7
965,Gregoor Bern,12/5/2018,true,6,3,7,7
966,Mitch Atherton,4/21/2019,true,2,2,,4
967,Malissa Emerine,6/16/2019,false,3,3,1,4
968,Janice Camerello,7/21/2019,true,3,0,5,2
969,Ingaborg MacIan,6/21/2019,true,7,3,0,5
970,Halette Defraine,9/2/2019,true,8,,2,3
971,Chas Calbaithe,7/13/2019,false,0,,,
972,Marchelle Bisset,6/17/2019,false,6,,4,
973,Delores Jane,7/2/2019,true,5,,,
974,Holly Lotterington,4/2/2019,true,,,2,
975,Rayna Gleadhall,3/18/2019,false,1,3,4,
976,Weidar Haysman,10/13/2019,false,,3,2,6
977,Carny Lothlorien,8/23/2019,true,5,,3,1
978,Monah Finnan,9/16/2019,true,,2,,
979,Elnora Cristou,10/17/2019,false,5,0,1,
980,Guglielma Hayers,5/18/2019,true,,1,,6
981,Frants Cavozzi,10/31/2019,true,,1,4,5
982,Nicola Hackford,4/30/2019,false,4,5,4,
983,Zita Callaway,9/29/2019,true,5,1,4,3
984,Christoper De Souza,8/11/2019,false,4,1,5,4
985,Indira Longmead,4/8/2019,false,6,,4,2
986,Hoyt Sheeran,11/13/2019,true,,,3,4
987,Finn Martyn,2/15/2019,true,3,2,1,1
988,Hasty O' Scallan,7/27/2019,true,7,,1,3
989,Mirna Stolworthy,1/1/2019,false,6,3,3,
990,Ayn Kienle,4/14/2019,false,5,3,5,7
991,Gratiana Dummett,8/10/2019,false,3,,5,6
992,Donalt Sebastian,12/3/2018,true,4,,2,5
993,Conrad McKenzie,6/15/2019,false,4,,1,4
994,Dacia Pelcheur,12/25/2018,true,4,,3,2
995,Boyd O'Dea,7/16/2019,false,3,,,1
996,Nathalie Fernez,5/22/2019,false,3,,6,
997,Martynne Farndon,11/1/2019,true,7,,3,3
998,Lorena Purdon,1/20/2019,true,2,1,,1
999,Mark Huc,2/22/2019,true,5,0,,6
1000,Sherlocke Duval,1/15/2019,true,,,1,
